Metro-Area,State,"City,State",2010,2011,2012,2013,2014,2015,2016,2017,2018,2019
Abilene,TX,"Abilene, TX",165585.0,166634.0,167442.0,167473.0,168342.0,169688.0,170017.0,170429.0,171150.0,172060.0
Akron,OH,"Akron, OH",703031.0,703200.0,702109.0,703621.0,704908.0,704382.0,703524.0,703987.0,703855.0,703479.0
Albany,GA,"Albany, GA",154145.0,154545.0,153976.0,152667.0,151949.0,150387.0,149137.0,148090.0,147840.0,146726.0
Albany,OR,"Albany, OR",116891.0,118164.0,118273.0,118405.0,119042.0,120236.0,122769.0,125035.0,127451.0,129749.0
Lebanon,OR,"Lebanon, OR",116891.0,118164.0,118273.0,118405.0,119042.0,120236.0,122769.0,125035.0,127451.0,129749.0
Albany,NY,"Albany, NY",871082.0,872778.0,874698.0,877065.0,878113.0,879085.0,879792.0,882158.0,882263.0,880381.0
Schenectady,NY,"Schenectady, NY",871082.0,872778.0,874698.0,877065.0,878113.0,879085.0,879792.0,882158.0,882263.0,880381.0
Troy,NY,"Troy, NY",871082.0,872778.0,874698.0,877065.0,878113.0,879085.0,879792.0,882158.0,882263.0,880381.0
Albuquerque,NM,"Albuquerque, NM",889558.0,898016.0,901939.0,904953.0,904538.0,906026.0,909237.0,912311.0,914947.0,918018.0
Alexandria,LA,"Alexandria, LA",154096.0,154402.0,154400.0,154623.0,154558.0,154082.0,154124.0,153549.0,152762.0,152037.0
Allentown,PA,"Allentown, PA",821923.0,824930.0,826144.0,825731.0,828470.0,830295.0,833163.0,837921.0,842626.0,844052.0
Allentown,NJ,"Allentown, NJ",821923.0,824930.0,826144.0,825731.0,828470.0,830295.0,833163.0,837921.0,842626.0,844052.0
Bethlehem,PA,"Bethlehem, PA",821923.0,824930.0,826144.0,825731.0,828470.0,830295.0,833163.0,837921.0,842626.0,844052.0
Bethlehem,NJ,"Bethlehem, NJ",821923.0,824930.0,826144.0,825731.0,828470.0,830295.0,833163.0,837921.0,842626.0,844052.0
Easton,PA,"Easton, PA",821923.0,824930.0,826144.0,825731.0,828470.0,830295.0,833163.0,837921.0,842626.0,844052.0
Easton,NJ,"Easton, NJ",821923.0,824930.0,826144.0,825731.0,828470.0,830295.0,833163.0,837921.0,842626.0,844052.0
Altoona,PA,"Altoona, PA",127045.0,126970.0,126544.0,125836.0,125274.0,124596.0,123708.0,123147.0,122503.0,121829.0
Amarillo,TX,"Amarillo, TX",252664.0,255975.0,257802.0,258896.0,260812.0,261618.0,262987.0,264331.0,264406.0,265053.0
Ames,IA,"Ames, IA",115925.0,117424.0,118139.0,120161.0,122092.0,123079.0,123309.0,123721.0,123093.0,123351.0
Anchorage,AK,"Anchorage, AK",383053.0,387922.0,391932.0,397022.0,397996.0,398609.0,401368.0,400570.0,397636.0,396317.0
Ann Arbor,MI,"Ann Arbor, MI",345717.0,349753.0,352303.0,356040.0,360021.0,362975.0,366135.0,368807.0,369483.0,367601.0
Anniston,AL,"Anniston, AL",118408.0,117744.0,117190.0,116471.0,115917.0,115469.0,114973.0,114710.0,114331.0,113605.0
Oxford,AL,"Oxford, AL",118408.0,117744.0,117190.0,116471.0,115917.0,115469.0,114973.0,114710.0,114331.0,113605.0
Appleton,WI,"Appleton, WI",225948.0,227548.0,228656.0,229978.0,231627.0,233146.0,234200.0,235811.0,237011.0,237974.0
Asheville,NC,"Asheville, NC",425338.0,428113.0,430945.0,435795.0,439661.0,444593.0,450310.0,454855.0,459314.0,462680.0
Athens,GA,"Athens, GA",193439.0,194375.0,195984.0,197590.0,198361.0,202565.0,205402.0,209106.0,211468.0,213750.0
Clarke County,GA,"Clarke County, GA",193439.0,194375.0,195984.0,197590.0,198361.0,202565.0,205402.0,209106.0,211468.0,213750.0
Atlanta,GA,"Atlanta, GA",5302598.0,5366462.0,5444473.0,5510530.0,5593204.0,5686048.0,5787965.0,5872432.0,5945303.0,6020364.0
Sandy Springs,GA,"Sandy Springs, GA",5302598.0,5366462.0,5444473.0,5510530.0,5593204.0,5686048.0,5787965.0,5872432.0,5945303.0,6020364.0
Alpharetta,GA,"Alpharetta, GA",5302598.0,5366462.0,5444473.0,5510530.0,5593204.0,5686048.0,5787965.0,5872432.0,5945303.0,6020364.0
Atlantic City,NJ,"Atlantic City, NJ",274648.0,274621.0,274629.0,274314.0,272578.0,270153.0,267217.0,265498.0,263989.0,263670.0
Hammonton,NJ,"Hammonton, NJ",274648.0,274621.0,274629.0,274314.0,272578.0,270153.0,267217.0,265498.0,263989.0,263670.0
Auburn,AL,"Auburn, AL",140794.0,144130.0,148567.0,151809.0,154511.0,156954.0,159168.0,161440.0,163656.0,164542.0
Opelika,AL,"Opelika, AL",140794.0,144130.0,148567.0,151809.0,154511.0,156954.0,159168.0,161440.0,163656.0,164542.0
Augusta,GA,"Augusta, GA",566694.0,570849.0,576206.0,579802.0,583046.0,589574.0,595029.0,600276.0,604221.0,608980.0
Augusta,SC,"Augusta, SC",566694.0,570849.0,576206.0,579802.0,583046.0,589574.0,595029.0,600276.0,604221.0,608980.0
Richmond County,GA,"Richmond County, GA",566694.0,570849.0,576206.0,579802.0,583046.0,589574.0,595029.0,600276.0,604221.0,608980.0
Richmond County,SC,"Richmond County, SC",566694.0,570849.0,576206.0,579802.0,583046.0,589574.0,595029.0,600276.0,604221.0,608980.0
Austin,TX,"Austin, TX",1727502.0,1780535.0,1834586.0,1883315.0,1942467.0,2002134.0,2062016.0,2115475.0,2165497.0,2227083.0
Round Rock,TX,"Round Rock, TX",1727502.0,1780535.0,1834586.0,1883315.0,1942467.0,2002134.0,2062016.0,2115475.0,2165497.0,2227083.0
Georgetown,TX,"Georgetown, TX",1727502.0,1780535.0,1834586.0,1883315.0,1942467.0,2002134.0,2062016.0,2115475.0,2165497.0,2227083.0
Bakersfield,CA,"Bakersfield, CA",840996.0,847970.0,853606.0,862000.0,869176.0,876031.0,880856.0,887356.0,893758.0,900202.0
Baltimore,MD,"Baltimore, MD",2715738.0,2733785.0,2754637.0,2768233.0,2780055.0,2790053.0,2794111.0,2798707.0,2800743.0,2800053.0
Columbia,MD,"Columbia, MD",2715738.0,2733785.0,2754637.0,2768233.0,2780055.0,2790053.0,2794111.0,2798707.0,2800743.0,2800053.0
Towson,MD,"Towson, MD",2715738.0,2733785.0,2754637.0,2768233.0,2780055.0,2790053.0,2794111.0,2798707.0,2800743.0,2800053.0
Bangor,ME,"Bangor, ME",153861.0,153759.0,153347.0,153222.0,153201.0,151929.0,151333.0,151645.0,151817.0,152148.0
Barnstable Town,MA,"Barnstable Town, MA",215899.0,215356.0,214788.0,214518.0,214289.0,213877.0,213559.0,213581.0,213471.0,212990.0
Baton Rouge,LA,"Baton Rouge, LA",827629.0,831493.0,836197.0,841986.0,846827.0,851167.0,856723.0,854295.0,854526.0,854884.0
Battle Creek,MI,"Battle Creek, MI",135951.0,135105.0,134737.0,134751.0,134804.0,134327.0,134344.0,134180.0,134049.0,134159.0
Bay City,MI,"Bay City, MI",107679.0,107417.0,106967.0,106794.0,106046.0,105237.0,104411.0,104045.0,103702.0,103126.0
Beaumont,TX,"Beaumont, TX",389251.0,390905.0,389614.0,391195.0,391651.0,394825.0,396539.0,398129.0,393815.0,392563.0
Port Arthur,TX,"Port Arthur, TX",389251.0,390905.0,389614.0,391195.0,391651.0,394825.0,396539.0,398129.0,393815.0,392563.0
Beckley,WV,"Beckley, WV",124949.0,125266.0,125110.0,124356.0,123342.0,122070.0,120475.0,118673.0,117154.0,115767.0
Bellingham,WA,"Bellingham, WA",201545.0,203490.0,204863.0,206073.0,208154.0,211836.0,216417.0,221410.0,225197.0,229247.0
Bend,OR,"Bend, OR",157742.0,159660.0,161359.0,165299.0,169512.0,174246.0,180666.0,186744.0,191905.0,197692.0
Billings,MT,"Billings, MT",167571.0,169017.0,170942.0,173367.0,174952.0,176357.0,177759.0,179365.0,180203.0,181667.0
Binghamton,NY,"Binghamton, NY",251489.0,250238.0,248945.0,248017.0,247075.0,245283.0,243322.0,241709.0,240366.0,238691.0
Birmingham,AL,"Birmingham, AL",1061717.0,1064030.0,1067563.0,1072882.0,1076087.0,1079752.0,1082877.0,1085615.0,1087967.0,1090435.0
Hoover,AL,"Hoover, AL",1061717.0,1064030.0,1067563.0,1072882.0,1076087.0,1079752.0,1082877.0,1085615.0,1087967.0,1090435.0
Bismarck,ND,"Bismarck, ND",111112.0,112865.0,115679.0,119240.0,122155.0,125325.0,127233.0,128115.0,128279.0,128949.0
Blacksburg,VA,"Blacksburg, VA",163131.0,163442.0,164120.0,165240.0,165688.0,165725.0,166572.0,166605.0,167492.0,167531.0
Christiansburg,VA,"Christiansburg, VA",163131.0,163442.0,164120.0,165240.0,165688.0,165725.0,166572.0,166605.0,167492.0,167531.0
Bloomington,IL,"Bloomington, IL",169810.0,170909.0,172721.0,175037.0,174105.0,173141.0,173070.0,172754.0,172410.0,171517.0
Bloomington,IN,"Bloomington, IN",160132.0,161722.0,162852.0,163221.0,164422.0,165073.0,166655.0,167429.0,168092.0,169230.0
Bloomsburg,PA,"Bloomsburg, PA",85657.0,85449.0,85472.0,85592.0,85538.0,84980.0,84390.0,83851.0,83455.0,83194.0
Berwick,PA,"Berwick, PA",85657.0,85449.0,85472.0,85592.0,85538.0,84980.0,84390.0,83851.0,83455.0,83194.0
Boise City,ID,"Boise City, ID",617866.0,627670.0,637425.0,649224.0,662624.0,674640.0,691285.0,709682.0,728911.0,749202.0
Boston,NH,"Boston, NH",4566348.0,4609790.0,4656593.0,4702877.0,4746931.0,4778340.0,4809061.0,4841772.0,4859536.0,4873019.0
Cambridge,NH,"Cambridge, NH",4566348.0,4609790.0,4656593.0,4702877.0,4746931.0,4778340.0,4809061.0,4841772.0,4859536.0,4873019.0
Newton,NH,"Newton, NH",4566348.0,4609790.0,4656593.0,4702877.0,4746931.0,4778340.0,4809061.0,4841772.0,4859536.0,4873019.0
Boston,MA,"Boston, MA",1894717.0,1913107.0,1933463.0,1953625.0,1972382.0,1986314.0,2001862.0,2016866.0,2024799.0,2031884.0
Cambridge,MA,"Cambridge, MA",2253142.0,2276355.0,2300205.0,2324767.0,2346646.0,2362297.0,2374511.0,2388396.0,2396653.0,2400733.0
Newton,MA,"Newton, MA",2253142.0,2276355.0,2300205.0,2324767.0,2346646.0,2362297.0,2374511.0,2388396.0,2396653.0,2400733.0
Framingham,MA,"Framingham, MA",2253142.0,2276355.0,2300205.0,2324767.0,2346646.0,2362297.0,2374511.0,2388396.0,2396653.0,2400733.0
Rockingham County,NH,"Rockingham County, NH",418489.0,420328.0,422925.0,424485.0,427903.0,429729.0,432688.0,436510.0,438084.0,440402.0
Strafford County,NH,"Strafford County, NH",418489.0,420328.0,422925.0,424485.0,427903.0,429729.0,432688.0,436510.0,438084.0,440402.0
Boulder,CO,"Boulder, CO",295037.0,299957.0,304570.0,309323.0,312233.0,318027.0,321250.0,322441.0,324636.0,326196.0
Bowling Green,KY,"Bowling Green, KY",159341.0,160985.0,162450.0,164653.0,166630.0,169507.0,171902.0,174981.0,176864.0,179240.0
Bremerton,WA,"Bremerton, WA",251681.0,254297.0,254339.0,252401.0,253387.0,259232.0,263142.0,266289.0,269276.0,271473.0
Silverdale,WA,"Silverdale, WA",251681.0,254297.0,254339.0,252401.0,253387.0,259232.0,263142.0,266289.0,269276.0,271473.0
Port Orchard,WA,"Port Orchard, WA",251681.0,254297.0,254339.0,252401.0,253387.0,259232.0,263142.0,266289.0,269276.0,271473.0
Bridgeport,CT,"Bridgeport, CT",919355.0,928000.0,935099.0,939924.0,944196.0,944943.0,944347.0,943038.0,943971.0,943332.0
Stamford,CT,"Stamford, CT",919355.0,928000.0,935099.0,939924.0,944196.0,944943.0,944347.0,943038.0,943971.0,943332.0
Norwalk,CT,"Norwalk, CT",919355.0,928000.0,935099.0,939924.0,944196.0,944943.0,944347.0,943038.0,943971.0,943332.0
Brownsville,TX,"Brownsville, TX",407630.0,413201.0,415877.0,417357.0,419005.0,419450.0,421350.0,422227.0,422139.0,423163.0
Harlingen,TX,"Harlingen, TX",407630.0,413201.0,415877.0,417357.0,419005.0,419450.0,421350.0,422227.0,422139.0,423163.0
Brunswick,GA,"Brunswick, GA",112534.0,112895.0,113281.0,113781.0,114607.0,115779.0,116571.0,117587.0,118282.0,118779.0
Buffalo,NY,"Buffalo, NY",1135627.0,1135562.0,1134619.0,1134974.0,1135060.0,1133002.0,1130232.0,1129882.0,1129777.0,1127983.0
Cheektowaga,NY,"Cheektowaga, NY",1135627.0,1135562.0,1134619.0,1134974.0,1135060.0,1133002.0,1130232.0,1129882.0,1129777.0,1127983.0
Burlington,NC,"Burlington, NC",151431.0,152692.0,153265.0,154162.0,155384.0,157037.0,160283.0,163276.0,166514.0,169509.0
Burlington,VT,"Burlington, VT",211538.0,213235.0,213962.0,214827.0,215676.0,217152.0,217447.0,218975.0,219939.0,220411.0
South Burlington,VT,"South Burlington, VT",211538.0,213235.0,213962.0,214827.0,215676.0,217152.0,217447.0,218975.0,219939.0,220411.0
California,MD,"California, MD",105761.0,107566.0,108800.0,109224.0,109913.0,110985.0,111750.0,112487.0,112720.0,113510.0
Lexington Park,MD,"Lexington Park, MD",105761.0,107566.0,108800.0,109224.0,109913.0,110985.0,111750.0,112487.0,112720.0,113510.0
Canton,OH,"Canton, OH",404218.0,403331.0,403429.0,403365.0,403675.0,402433.0,401068.0,399327.0,398330.0,397520.0
Massillon,OH,"Massillon, OH",404218.0,403331.0,403429.0,403365.0,403675.0,402433.0,401068.0,399327.0,398330.0,397520.0
Cape Coral,FL,"Cape Coral, FL",620449.0,631053.0,644197.0,659834.0,677232.0,699644.0,722649.0,740000.0,754470.0,770577.0
Fort Myers,FL,"Fort Myers, FL",620449.0,631053.0,644197.0,659834.0,677232.0,699644.0,722649.0,740000.0,754470.0,770577.0
Cape Girardeau,MO,"Cape Girardeau, MO",96447.0,96982.0,97210.0,97177.0,97405.0,97316.0,97109.0,96819.0,96868.0,96765.0
Cape Girardeau,IL,"Cape Girardeau, IL",96447.0,96982.0,97210.0,97177.0,97405.0,97316.0,97109.0,96819.0,96868.0,96765.0
Carbondale,IL,"Carbondale, IL",139409.0,139956.0,138698.0,140077.0,139658.0,139419.0,138634.0,137352.0,136694.0,135764.0
Marion,IL,"Marion, IL",139409.0,139956.0,138698.0,140077.0,139658.0,139419.0,138634.0,137352.0,136694.0,135764.0
Carson City,NV,"Carson City, NV",54981.0,54676.0,54312.0,53726.0,54082.0,54068.0,54147.0,54532.0,55202.0,55916.0
Casper,WY,"Casper, WY",75470.0,76399.0,78565.0,81103.0,81377.0,82137.0,80909.0,79586.0,79175.0,79858.0
Cedar Rapids,IA,"Cedar Rapids, IA",258440.0,261028.0,261916.0,262706.0,264300.0,266312.0,268224.0,270653.0,272061.0,273032.0
Chambersburg,PA,"Chambersburg, PA",149925.0,150934.0,151482.0,151945.0,152607.0,153048.0,153705.0,154376.0,154579.0,155027.0
Waynesboro,PA,"Waynesboro, PA",149925.0,150934.0,151482.0,151945.0,152607.0,153048.0,153705.0,154376.0,154579.0,155027.0
Champaign,IL,"Champaign, IL",218255.0,219876.0,221131.0,222854.0,224351.0,225732.0,226722.0,226847.0,226284.0,226033.0
Urbana,IL,"Urbana, IL",218255.0,219876.0,221131.0,222854.0,224351.0,225732.0,226722.0,226847.0,226284.0,226033.0
Charleston,WV,"Charleston, WV",277805.0,276817.0,276704.0,275412.0,273606.0,270858.0,268130.0,264227.0,260280.0,257074.0
Charleston,SC,"Charleston, SC",667450.0,681262.0,696839.0,711272.0,726836.0,745185.0,761578.0,775537.0,788122.0,802122.0
North Charleston,SC,"North Charleston, SC",667450.0,681262.0,696839.0,711272.0,726836.0,745185.0,761578.0,775537.0,788122.0,802122.0
Charlotte,NC,"Charlotte, NC",2250121.0,2281230.0,2318671.0,2358660.0,2400483.0,2447898.0,2499697.0,2550373.0,2592950.0,2636883.0
Charlotte,SC,"Charlotte, SC",2250121.0,2281230.0,2318671.0,2358660.0,2400483.0,2447898.0,2499697.0,2550373.0,2592950.0,2636883.0
Concord,NC,"Concord, NC",2250121.0,2281230.0,2318671.0,2358660.0,2400483.0,2447898.0,2499697.0,2550373.0,2592950.0,2636883.0
Concord,SC,"Concord, SC",2250121.0,2281230.0,2318671.0,2358660.0,2400483.0,2447898.0,2499697.0,2550373.0,2592950.0,2636883.0
Gastonia,NC,"Gastonia, NC",2250121.0,2281230.0,2318671.0,2358660.0,2400483.0,2447898.0,2499697.0,2550373.0,2592950.0,2636883.0
Gastonia,SC,"Gastonia, SC",2250121.0,2281230.0,2318671.0,2358660.0,2400483.0,2447898.0,2499697.0,2550373.0,2592950.0,2636883.0
Charlottesville,VA,"Charlottesville, VA",201891.0,203617.0,205532.0,206755.0,209187.0,211494.0,213675.0,216104.0,217335.0,218615.0
Chattanooga,TN,"Chattanooga, TN",529131.0,533621.0,538103.0,542181.0,544183.0,547205.0,551859.0,555953.0,560832.0,565194.0
Cheyenne,WY,"Cheyenne, WY",92236.0,92576.0,94697.0,95707.0,96036.0,96969.0,97887.0,98377.0,98865.0,99500.0
Chicago,IN,"Chicago, IN",9470634.0,9500870.0,9528090.0,9550194.0,9560430.0,9552554.0,9533662.0,9514113.0,9484158.0,9458539.0
Chicago,WI,"Chicago, WI",9470634.0,9500870.0,9528090.0,9550194.0,9560430.0,9552554.0,9533662.0,9514113.0,9484158.0,9458539.0
Naperville,IN,"Naperville, IN",9470634.0,9500870.0,9528090.0,9550194.0,9560430.0,9552554.0,9533662.0,9514113.0,9484158.0,9458539.0
Naperville,WI,"Naperville, WI",9470634.0,9500870.0,9528090.0,9550194.0,9560430.0,9552554.0,9533662.0,9514113.0,9484158.0,9458539.0
Elgin,IN,"Elgin, IN",9470634.0,9500870.0,9528090.0,9550194.0,9560430.0,9552554.0,9533662.0,9514113.0,9484158.0,9458539.0
Elgin,WI,"Elgin, WI",9470634.0,9500870.0,9528090.0,9550194.0,9560430.0,9552554.0,9533662.0,9514113.0,9484158.0,9458539.0
Chicago,IL,"Chicago, IL",7155089.0,7184041.0,7208884.0,7226632.0,7230949.0,7221509.0,7201332.0,7180002.0,7149580.0,7122725.0
Naperville,IL,"Naperville, IL",7155089.0,7184041.0,7208884.0,7226632.0,7230949.0,7221509.0,7201332.0,7180002.0,7149580.0,7122725.0
Evanston,IL,"Evanston, IL",7155089.0,7184041.0,7208884.0,7226632.0,7230949.0,7221509.0,7201332.0,7180002.0,7149580.0,7122725.0
Elgin,IL,"Elgin, IL",736586.0,740374.0,743280.0,746394.0,751559.0,755833.0,759341.0,762733.0,764786.0,766290.0
Gary,IN,"Gary, IN",708163.0,707978.0,706627.0,705661.0,705792.0,702691.0,700964.0,700547.0,701279.0,703428.0
Lake County,IL,"Lake County, IL",870796.0,868477.0,869299.0,871507.0,872130.0,872521.0,872025.0,870831.0,868513.0,866096.0
Lake County,WI,"Lake County, WI",870796.0,868477.0,869299.0,871507.0,872130.0,872521.0,872025.0,870831.0,868513.0,866096.0
Kenosha County,IL,"Kenosha County, IL",870796.0,868477.0,869299.0,871507.0,872130.0,872521.0,872025.0,870831.0,868513.0,866096.0
Kenosha County,WI,"Kenosha County, WI",870796.0,868477.0,869299.0,871507.0,872130.0,872521.0,872025.0,870831.0,868513.0,866096.0
Chico,CA,"Chico, CA",219949.0,219975.0,220869.0,221641.0,223516.0,224631.0,226231.0,228696.0,230339.0,219186.0
Cincinnati,OH,"Cincinnati, OH",2140715.0,2146208.0,2152554.0,2162060.0,2172190.0,2181427.0,2191572.0,2202558.0,2211936.0,2221208.0
Clarksville,TN,"Clarksville, TN",274959.0,277405.0,287393.0,285441.0,289628.0,292878.0,293712.0,298635.0,304301.0,307820.0
Cleveland,TN,"Cleveland, TN",115896.0,116569.0,117673.0,118410.0,119455.0,120543.0,121184.0,122180.0,123968.0,124942.0
Cleveland,OH,"Cleveland, OH",2075478.0,2068989.0,2064776.0,2067100.0,2067356.0,2064012.0,2060997.0,2057238.0,2053795.0,2048449.0
Elyria,OH,"Elyria, OH",2075478.0,2068989.0,2064776.0,2067100.0,2067356.0,2064012.0,2060997.0,2057238.0,2053795.0,2048449.0
Coeur d'Alene,ID,"Coeur d'Alene, ID",138848.0,140932.0,142084.0,143897.0,146529.0,149367.0,153019.0,157320.0,161209.0,165697.0
College Station,TX,"College Station, TX",229458.0,231435.0,234148.0,237816.0,242830.0,250567.0,254391.0,259123.0,261335.0,264728.0
Bryan,TX,"Bryan, TX",229458.0,231435.0,234148.0,237816.0,242830.0,250567.0,254391.0,259123.0,261335.0,264728.0
Colorado Springs,CO,"Colorado Springs, CO",650500.0,660674.0,669448.0,678565.0,686562.0,697389.0,712335.0,724773.0,737202.0,745791.0
Columbia,MO,"Columbia, MO",190947.0,194030.0,196540.0,198824.0,200492.0,202152.0,204049.0,205725.0,206746.0,208173.0
Columbia,SC,"Columbia, SC",769646.0,776195.0,783250.0,790842.0,798882.0,809136.0,817188.0,824939.0,831690.0,838433.0
Columbus,GA,"Columbus, GA",309476.0,315305.0,322721.0,327844.0,325273.0,322772.0,319040.0,315942.0,318211.0,321048.0
Columbus,IN,"Columbus, IN",76818.0,77620.0,79001.0,79655.0,80497.0,81458.0,82231.0,82213.0,82722.0,83779.0
Columbus,OH,"Columbus, OH",1906366.0,1926338.0,1947208.0,1974061.0,2001635.0,2027568.0,2052192.0,2082581.0,2104194.0,2122271.0
Corpus Christi,TX,"Corpus Christi, TX",404676.0,407721.0,413199.0,419080.0,423313.0,427621.0,428953.0,428445.0,428697.0,429024.0
Corvallis,OR,"Corvallis, OR",85574.0,86266.0,86678.0,86167.0,87215.0,88333.0,89918.0,91790.0,92442.0,93053.0
Crestview,FL,"Crestview, FL",235932.0,238704.0,246952.0,251881.0,255801.0,260814.0,265492.0,271499.0,277666.0,284809.0
Fort Walton Beach,FL,"Fort Walton Beach, FL",235932.0,238704.0,246952.0,251881.0,255801.0,260814.0,265492.0,271499.0,277666.0,284809.0
Destin,FL,"Destin, FL",235932.0,238704.0,246952.0,251881.0,255801.0,260814.0,265492.0,271499.0,277666.0,284809.0
Cumberland,MD,"Cumberland, MD",103170.0,102629.0,101833.0,101267.0,100587.0,99879.0,99428.0,98575.0,97894.0,97284.0
Dallas,TX,"Dallas, TX",4246890.0,4332281.0,4429033.0,4505783.0,4603065.0,4709844.0,4814994.0,4914285.0,4996835.0,5081942.0
Plano,TX,"Plano, TX",4246890.0,4332281.0,4429033.0,4505783.0,4603065.0,4709844.0,4814994.0,4914285.0,4996835.0,5081942.0
Irving,TX,"Irving, TX",4246890.0,4332281.0,4429033.0,4505783.0,4603065.0,4709844.0,4814994.0,4914285.0,4996835.0,5081942.0
Fort Worth,TX,"Fort Worth, TX",2145175.0,2178263.0,2215526.0,2248106.0,2286704.0,2332722.0,2379764.0,2422812.0,2458921.0,2491194.0
Arlington,TX,"Arlington, TX",2145175.0,2178263.0,2215526.0,2248106.0,2286704.0,2332722.0,2379764.0,2422812.0,2458921.0,2491194.0
Grapevine,TX,"Grapevine, TX",2145175.0,2178263.0,2215526.0,2248106.0,2286704.0,2332722.0,2379764.0,2422812.0,2458921.0,2491194.0
Dalton,GA,"Dalton, GA",142278.0,142285.0,142259.0,141906.0,142298.0,143099.0,143753.0,144037.0,144192.0,144724.0
Danville,IL,"Danville, IL",81640.0,81414.0,80862.0,80585.0,79783.0,79170.0,78494.0,77689.0,76702.0,75758.0
Daphne,AL,"Daphne, AL",183112.0,186558.0,190145.0,194885.0,199183.0,202939.0,207601.0,212521.0,217855.0,223234.0
Fairhope,AL,"Fairhope, AL",183112.0,186558.0,190145.0,194885.0,199183.0,202939.0,207601.0,212521.0,217855.0,223234.0
Foley,AL,"Foley, AL",183112.0,186558.0,190145.0,194885.0,199183.0,202939.0,207601.0,212521.0,217855.0,223234.0
Davenport,IA,"Davenport, IA",379743.0,380685.0,382431.0,383843.0,384070.0,383381.0,382178.0,381103.0,380044.0,379172.0
Davenport,IL,"Davenport, IL",379743.0,380685.0,382431.0,383843.0,384070.0,383381.0,382178.0,381103.0,380044.0,379172.0
Moline,IA,"Moline, IA",379743.0,380685.0,382431.0,383843.0,384070.0,383381.0,382178.0,381103.0,380044.0,379172.0
Moline,IL,"Moline, IL",379743.0,380685.0,382431.0,383843.0,384070.0,383381.0,382178.0,381103.0,380044.0,379172.0
Rock Island,IA,"Rock Island, IA",379743.0,380685.0,382431.0,383843.0,384070.0,383381.0,382178.0,381103.0,380044.0,379172.0
Rock Island,IL,"Rock Island, IL",379743.0,380685.0,382431.0,383843.0,384070.0,383381.0,382178.0,381103.0,380044.0,379172.0
Dayton,OH,"Dayton, OH",799672.0,800858.0,801603.0,801390.0,801017.0,800124.0,801661.0,803233.0,805088.0,807611.0
Kettering,OH,"Kettering, OH",799672.0,800858.0,801603.0,801390.0,801017.0,800124.0,801661.0,803233.0,805088.0,807611.0
Decatur,AL,"Decatur, AL",153950.0,154075.0,153908.0,153146.0,152888.0,152392.0,152233.0,151981.0,152144.0,152603.0
Decatur,IL,"Decatur, IL",110787.0,110684.0,110134.0,109561.0,108515.0,107343.0,106383.0,105399.0,104504.0,104009.0
Deltona,FL,"Deltona, FL",590506.0,591926.0,594969.0,600236.0,608604.0,621166.0,635859.0,647867.0,658186.0,668365.0
Daytona Beach,FL,"Daytona Beach, FL",590506.0,591926.0,594969.0,600236.0,608604.0,621166.0,635859.0,647867.0,658186.0,668365.0
Ormond Beach,FL,"Ormond Beach, FL",590506.0,591926.0,594969.0,600236.0,608604.0,621166.0,635859.0,647867.0,658186.0,668365.0
Denver,CO,"Denver, CO",2554523.0,2602918.0,2650274.0,2700529.0,2753973.0,2812896.0,2856755.0,2891776.0,2931665.0,2967239.0
Aurora,CO,"Aurora, CO",2554523.0,2602918.0,2650274.0,2700529.0,2753973.0,2812896.0,2856755.0,2891776.0,2931665.0,2967239.0
Lakewood,CO,"Lakewood, CO",2554523.0,2602918.0,2650274.0,2700529.0,2753973.0,2812896.0,2856755.0,2891776.0,2931665.0,2967239.0
Des Moines,IA,"Des Moines, IA",608930.0,618299.0,626778.0,637846.0,649652.0,659522.0,671055.0,681413.0,690915.0,699292.0
West Des Moines,IA,"West Des Moines, IA",608930.0,618299.0,626778.0,637846.0,649652.0,659522.0,671055.0,681413.0,690915.0,699292.0
Detroit,MI,"Detroit, MI",1815081.0,1803189.0,1795929.0,1780225.0,1771679.0,1764872.0,1760612.0,1757217.0,1754453.0,1749343.0
Dearborn,MI,"Dearborn, MI",1815081.0,1803189.0,1795929.0,1780225.0,1771679.0,1764872.0,1760612.0,1757217.0,1754453.0,1749343.0
Livonia,MI,"Livonia, MI",1815081.0,1803189.0,1795929.0,1780225.0,1771679.0,1764872.0,1760612.0,1757217.0,1754453.0,1749343.0
Warren,MI,"Warren, MI",2476427.0,2488507.0,2504935.0,2525362.0,2539515.0,2544801.0,2555648.0,2564376.0,2567631.0,2570286.0
Troy,MI,"Troy, MI",2476427.0,2488507.0,2504935.0,2525362.0,2539515.0,2544801.0,2555648.0,2564376.0,2567631.0,2570286.0
Farmington Hills,MI,"Farmington Hills, MI",2476427.0,2488507.0,2504935.0,2525362.0,2539515.0,2544801.0,2555648.0,2564376.0,2567631.0,2570286.0
Dothan,AL,"Dothan, AL",145871.0,146621.0,147448.0,147449.0,147830.0,147992.0,147784.0,147878.0,148249.0,149358.0
Dover,DE,"Dover, DE",162956.0,165110.0,167297.0,169038.0,171456.0,173128.0,174542.0,176499.0,178540.0,180786.0
Dubuque,IA,"Dubuque, IA",93929.0,94593.0,95159.0,95945.0,96481.0,96850.0,96763.0,97066.0,96922.0,97311.0
Duluth,MN,"Duluth, MN",290542.0,290594.0,290176.0,290193.0,290261.0,289741.0,289395.0,289108.0,289260.0,288732.0
Durham,NC,"Durham, NC",566267.0,572520.0,581735.0,590364.0,599236.0,607706.0,618222.0,625678.0,637501.0,644367.0
Chapel Hill,NC,"Chapel Hill, NC",566267.0,572520.0,581735.0,590364.0,599236.0,607706.0,618222.0,625678.0,637501.0,644367.0
East Stroudsburg,PA,"East Stroudsburg, PA",169849.0,169891.0,168628.0,167355.0,167285.0,166481.0,166220.0,167895.0,169294.0,170271.0
Eau Claire,WI,"Eau Claire, WI",161655.0,162886.0,163892.0,164822.0,165023.0,165501.0,166430.0,167329.0,168464.0,169304.0
El Centro,CA,"El Centro, CA",174716.0,175786.0,176575.0,176438.0,177974.0,178937.0,180179.0,181649.0,181523.0,181215.0
Elizabethtown,KY,"Elizabethtown, KY",149833.0,151319.0,151501.0,152228.0,151675.0,148107.0,148941.0,150390.0,153201.0,153928.0
Fort Knox,KY,"Fort Knox, KY",149833.0,151319.0,151501.0,152228.0,151675.0,148107.0,148941.0,150390.0,153201.0,153928.0
Elkhart,IN,"Elkhart, IN",197451.0,198279.0,198968.0,200205.0,201423.0,202995.0,203642.0,204194.0,205617.0,206341.0
Goshen,IN,"Goshen, IN",197451.0,198279.0,198968.0,200205.0,201423.0,202995.0,203642.0,204194.0,205617.0,206341.0
Elmira,NY,"Elmira, NY",88895.0,88899.0,89137.0,88199.0,87177.0,86705.0,85644.0,84736.0,83935.0,83456.0
El Paso,TX,"El Paso, TX",807048.0,823308.0,835667.0,834203.0,837089.0,835439.0,839203.0,842005.0,841613.0,844124.0
Enid,OK,"Enid, OK",60765.0,60763.0,61399.0,62370.0,62790.0,63248.0,62493.0,61600.0,61095.0,61056.0
Erie,PA,"Erie, PA",280799.0,281327.0,281532.0,280717.0,279423.0,278174.0,276170.0,273558.0,271544.0,269728.0
Eugene,OR,"Eugene, OR",351920.0,354034.0,355075.0,355481.0,358027.0,361946.0,368874.0,375264.0,378549.0,382067.0
Springfield,OR,"Springfield, OR",351920.0,354034.0,355075.0,355481.0,358027.0,361946.0,368874.0,375264.0,378549.0,382067.0
Evansville,IN,"Evansville, IN",311802.0,312698.0,313422.0,314331.0,314859.0,314983.0,315283.0,314791.0,314660.0,315086.0
Fairbanks,AK,"Fairbanks, AK",98264.0,98120.0,100311.0,100933.0,99254.0,99636.0,100633.0,99675.0,98565.0,96849.0
Fargo,ND,"Fargo, ND",209455.0,213222.0,217610.0,223360.0,227790.0,232891.0,237244.0,241511.0,244311.0,246145.0
Farmington,NM,"Farmington, NM",130203.0,129711.0,129756.0,129467.0,129084.0,128246.0,127954.0,126917.0,125499.0,123958.0
Fayetteville,NC,"Fayetteville, NC",490446.0,499149.0,502672.0,509180.0,510635.0,511976.0,516822.0,517527.0,522461.0,526719.0
Fayetteville,AR,"Fayetteville, AR",442301.0,452884.0,462291.0,471140.0,480513.0,491730.0,503806.0,515616.0,525239.0,534904.0
Springdale,AR,"Springdale, AR",442301.0,452884.0,462291.0,471140.0,480513.0,491730.0,503806.0,515616.0,525239.0,534904.0
Rogers,AR,"Rogers, AR",442301.0,452884.0,462291.0,471140.0,480513.0,491730.0,503806.0,515616.0,525239.0,534904.0
Flagstaff,AZ,"Flagstaff, AZ",134612.0,134275.0,136146.0,136699.0,137566.0,138962.0,140407.0,141001.0,142523.0,143476.0
Flint,MI,"Flint, MI",424953.0,422026.0,418193.0,415639.0,412859.0,410461.0,408926.0,407488.0,406688.0,405813.0
Florence,SC,"Florence, SC",205662.0,205800.0,206041.0,205986.0,206426.0,206235.0,205854.0,205476.0,205036.0,204911.0
Florence,AL,"Florence, AL",147261.0,147146.0,147232.0,147230.0,147462.0,146876.0,146922.0,147259.0,147608.0,147970.0
Muscle Shoals,AL,"Muscle Shoals, AL",147261.0,147146.0,147232.0,147230.0,147462.0,146876.0,146922.0,147259.0,147608.0,147970.0
Fond du Lac,WI,"Fond du Lac, WI",101576.0,101810.0,101788.0,101787.0,101977.0,101955.0,102211.0,102417.0,103001.0,103403.0
Fort Collins,CO,"Fort Collins, CO",300441.0,305246.0,310842.0,316225.0,324008.0,333303.0,338984.0,344084.0,350660.0,356899.0
Fort Smith,AR,"Fort Smith, AR",248344.0,249236.0,249491.0,248569.0,248220.0,248820.0,249170.0,250231.0,250298.0,250368.0
Fort Smith,OK,"Fort Smith, OK",248344.0,249236.0,249491.0,248569.0,248220.0,248820.0,249170.0,250231.0,250298.0,250368.0
Fort Wayne,IN,"Fort Wayne, IN",389298.0,392332.0,394225.0,396638.0,398591.0,400806.0,402887.0,405445.0,409126.0,413263.0
Fresno,CA,"Fresno, CA",932039.0,939406.0,945045.0,951514.0,960567.0,969488.0,976830.0,985238.0,991950.0,999101.0
Gadsden,AL,"Gadsden, AL",104459.0,104369.0,104278.0,103884.0,103399.0,102998.0,102855.0,103007.0,102611.0,102268.0
Gainesville,FL,"Gainesville, FL",305334.0,306979.0,308240.0,308865.0,311743.0,316031.0,321418.0,324485.0,327933.0,329128.0
Gainesville,GA,"Gainesville, GA",180033.0,182269.0,184102.0,186431.0,189142.0,192245.0,196159.0,198953.0,201538.0,204441.0
Gettysburg,PA,"Gettysburg, PA",101479.0,101474.0,101254.0,101137.0,101353.0,101808.0,101911.0,102562.0,103062.0,103009.0
Glens Falls,NY,"Glens Falls, NY",129021.0,128827.0,128420.0,127848.0,127341.0,126666.0,126233.0,125924.0,125489.0,125148.0
Goldsboro,NC,"Goldsboro, NC",122886.0,124038.0,124559.0,124587.0,124586.0,124342.0,124269.0,123034.0,123237.0,123131.0
Grand Forks,ND,"Grand Forks, ND",98633.0,98194.0,99093.0,100741.0,101260.0,101849.0,102171.0,102126.0,101766.0,100815.0
Grand Forks,MN,"Grand Forks, MN",98633.0,98194.0,99093.0,100741.0,101260.0,101849.0,102171.0,102126.0,101766.0,100815.0
Grand Island,NE,"Grand Island, NE",72936.0,73547.0,74238.0,74652.0,75240.0,75319.0,75598.0,75456.0,75476.0,75553.0
Grand Junction,CO,"Grand Junction, CO",146259.0,147174.0,147317.0,147175.0,147113.0,148025.0,149736.0,151170.0,152951.0,154210.0
Grand Rapids,MI,"Grand Rapids, MI",994262.0,1002556.0,1013655.0,1025473.0,1036234.0,1044842.0,1054710.0,1063670.0,1071370.0,1077370.0
Kentwood,MI,"Kentwood, MI",994262.0,1002556.0,1013655.0,1025473.0,1036234.0,1044842.0,1054710.0,1063670.0,1071370.0,1077370.0
Grants Pass,OR,"Grants Pass, OR",82879.0,82702.0,82755.0,83131.0,83377.0,84528.0,85504.0,86584.0,87150.0,87487.0
Great Falls,MT,"Great Falls, MT",81507.0,81714.0,81622.0,82194.0,82056.0,81878.0,81562.0,81633.0,81688.0,81366.0
Greeley,CO,"Greeley, CO",254207.0,258827.0,264131.0,270165.0,277112.0,285819.0,295712.0,305885.0,314815.0,324492.0
Green Bay,WI,"Green Bay, WI",306754.0,308613.0,310605.0,311947.0,314003.0,315652.0,317369.0,319694.0,321384.0,322906.0
Greensboro,NC,"Greensboro, NC",725264.0,730095.0,735475.0,740604.0,746497.0,751285.0,758635.0,762071.0,766473.0,771851.0
High Point,NC,"High Point, NC",725264.0,730095.0,735475.0,740604.0,746497.0,751285.0,758635.0,762071.0,766473.0,771851.0
Greenville,NC,"Greenville, NC",168863.0,170791.0,172980.0,174380.0,174974.0,176071.0,177171.0,178607.0,179575.0,180742.0
Greenville,SC,"Greenville, SC",825625.0,833220.0,840903.0,848417.0,860285.0,872521.0,884327.0,895357.0,907028.0,920477.0
Anderson,SC,"Anderson, SC",825625.0,833220.0,840903.0,848417.0,860285.0,872521.0,884327.0,895357.0,907028.0,920477.0
Gulfport,MS,"Gulfport, MS",389324.0,393744.0,396803.0,399940.0,403841.0,406604.0,408865.0,412754.0,414686.0,417665.0
Biloxi,MS,"Biloxi, MS",389324.0,393744.0,396803.0,399940.0,403841.0,406604.0,408865.0,412754.0,414686.0,417665.0
Hagerstown,MD,"Hagerstown, MD",269833.0,271983.0,273429.0,274926.0,276755.0,278236.0,280717.0,282958.0,285722.0,288104.0
Hagerstown,WV,"Hagerstown, WV",269833.0,271983.0,273429.0,274926.0,276755.0,278236.0,280717.0,282958.0,285722.0,288104.0
Martinsburg,MD,"Martinsburg, MD",269833.0,271983.0,273429.0,274926.0,276755.0,278236.0,280717.0,282958.0,285722.0,288104.0
Martinsburg,WV,"Martinsburg, WV",269833.0,271983.0,273429.0,274926.0,276755.0,278236.0,280717.0,282958.0,285722.0,288104.0
Hammond,LA,"Hammond, LA",121485.0,122700.0,123646.0,125520.0,127010.0,128716.0,130619.0,132353.0,133837.0,134758.0
Hanford,CA,"Hanford, CA",152370.0,151868.0,150991.0,150337.0,149495.0,150085.0,149382.0,149665.0,151382.0,152940.0
Corcoran,CA,"Corcoran, CA",152370.0,151868.0,150991.0,150337.0,149495.0,150085.0,149382.0,149665.0,151382.0,152940.0
Harrisburg,PA,"Harrisburg, PA",550088.0,552280.0,555057.0,558139.0,561164.0,564678.0,567510.0,570784.0,574149.0,577941.0
Carlisle,PA,"Carlisle, PA",550088.0,552280.0,555057.0,558139.0,561164.0,564678.0,567510.0,570784.0,574149.0,577941.0
Harrisonburg,VA,"Harrisonburg, VA",125401.0,126796.0,128449.0,128956.0,130420.0,131120.0,132909.0,134041.0,134749.0,134964.0
Hartford,CT,"Hartford, CT",1214091.0,1216088.0,1215307.0,1214785.0,1213886.0,1211748.0,1208595.0,1207027.0,1206139.0,1204877.0
East Hartford,CT,"East Hartford, CT",1214091.0,1216088.0,1215307.0,1214785.0,1213886.0,1211748.0,1208595.0,1207027.0,1206139.0,1204877.0
Middletown,CT,"Middletown, CT",1214091.0,1216088.0,1215307.0,1214785.0,1213886.0,1211748.0,1208595.0,1207027.0,1206139.0,1204877.0
Hattiesburg,MS,"Hattiesburg, MS",162856.0,164801.0,165994.0,166971.0,167179.0,167873.0,168158.0,167719.0,168292.0,168849.0
Hickory,NC,"Hickory, NC",365565.0,364478.0,363670.0,363379.0,363035.0,363346.0,364798.0,367085.0,368449.0,369711.0
Lenoir,NC,"Lenoir, NC",365565.0,364478.0,363670.0,363379.0,363035.0,363346.0,364798.0,367085.0,368449.0,369711.0
Morganton,NC,"Morganton, NC",365565.0,364478.0,363670.0,363379.0,363035.0,363346.0,364798.0,367085.0,368449.0,369711.0
Hilton Head Island,SC,"Hilton Head Island, SC",187777.0,189330.0,193145.0,197292.0,201725.0,207256.0,211269.0,215019.0,218023.0,222195.0
Bluffton,SC,"Bluffton, SC",187777.0,189330.0,193145.0,197292.0,201725.0,207256.0,211269.0,215019.0,218023.0,222195.0
Hinesville,GA,"Hinesville, GA",77339.0,80267.0,80406.0,78825.0,81120.0,79269.0,79845.0,80399.0,79697.0,80994.0
Homosassa Springs,FL,"Homosassa Springs, FL",141173.0,139764.0,139180.0,138829.0,138828.0,140287.0,142804.0,145415.0,147682.0,149657.0
Hot Springs,AR,"Hot Springs, AR",96067.0,96854.0,96986.0,97654.0,97758.0,97814.0,98282.0,98327.0,98966.0,99386.0
Houma,LA,"Houma, LA",208251.0,208713.0,208885.0,209983.0,211368.0,212131.0,211512.0,209946.0,209144.0,208075.0
Thibodaux,LA,"Thibodaux, LA",208251.0,208713.0,208885.0,209983.0,211368.0,212131.0,211512.0,209946.0,209144.0,208075.0
Houston,TX,"Houston, TX",5947236.0,6056193.0,6183531.0,6328208.0,6500199.0,6671808.0,6806503.0,6900090.0,6976147.0,7066141.0
The Woodlands,TX,"The Woodlands, TX",5947236.0,6056193.0,6183531.0,6328208.0,6500199.0,6671808.0,6806503.0,6900090.0,6976147.0,7066141.0
Sugar Land,TX,"Sugar Land, TX",5947236.0,6056193.0,6183531.0,6328208.0,6500199.0,6671808.0,6806503.0,6900090.0,6976147.0,7066141.0
Huntington,WV,"Huntington, WV",371065.0,371126.0,370972.0,370179.0,368938.0,367224.0,365020.0,361970.0,359069.0,355873.0
Huntington,KY,"Huntington, KY",371065.0,371126.0,370972.0,370179.0,368938.0,367224.0,365020.0,361970.0,359069.0,355873.0
Huntington,OH,"Huntington, OH",371065.0,371126.0,370972.0,370179.0,368938.0,367224.0,365020.0,361970.0,359069.0,355873.0
Ashland,WV,"Ashland, WV",371065.0,371126.0,370972.0,370179.0,368938.0,367224.0,365020.0,361970.0,359069.0,355873.0
Ashland,KY,"Ashland, KY",371065.0,371126.0,370972.0,370179.0,368938.0,367224.0,365020.0,361970.0,359069.0,355873.0
Ashland,OH,"Ashland, OH",371065.0,371126.0,370972.0,370179.0,368938.0,367224.0,365020.0,361970.0,359069.0,355873.0
Huntsville,AL,"Huntsville, AL",419276.0,425122.0,430056.0,435541.0,440395.0,444542.0,449576.0,455892.0,463181.0,471824.0
Idaho Falls,ID,"Idaho Falls, ID",133813.0,134959.0,136165.0,136840.0,137838.0,139542.0,142520.0,145512.0,148436.0,151530.0
Indianapolis,IN,"Indianapolis, IN",1892640.0,1910719.0,1929678.0,1953600.0,1971006.0,1986119.0,2006760.0,2027584.0,2052368.0,2074537.0
Carmel,IN,"Carmel, IN",1892640.0,1910719.0,1929678.0,1953600.0,1971006.0,1986119.0,2006760.0,2027584.0,2052368.0,2074537.0
Anderson,IN,"Anderson, IN",1892640.0,1910719.0,1929678.0,1953600.0,1971006.0,1986119.0,2006760.0,2027584.0,2052368.0,2074537.0
Iowa City,IA,"Iowa City, IA",153025.0,155908.0,159006.0,162095.0,164759.0,167088.0,169054.0,171529.0,172607.0,173105.0
Ithaca,NY,"Ithaca, NY",101740.0,101821.0,102726.0,103553.0,103391.0,103006.0,102942.0,102664.0,102419.0,102180.0
Jackson,MI,"Jackson, MI",160109.0,159658.0,159962.0,159628.0,159421.0,159264.0,158277.0,158563.0,158566.0,158510.0
Jackson,MS,"Jackson, MS",588272.0,593409.0,595585.0,596325.0,597357.0,597928.0,599170.0,599358.0,597376.0,594806.0
Jackson,TN,"Jackson, TN",179762.0,179692.0,179857.0,179836.0,179358.0,178607.0,178306.0,178336.0,178315.0,178644.0
Jacksonville,FL,"Jacksonville, FL",1348907.0,1361972.0,1377607.0,1393432.0,1416446.0,1444638.0,1476023.0,1505033.0,1532663.0,1559514.0
Jacksonville,NC,"Jacksonville, NC",186892.0,184993.0,190678.0,192354.0,191822.0,193114.0,192314.0,195066.0,196915.0,197938.0
Janesville,WI,"Janesville, WI",160260.0,159867.0,160065.0,160341.0,160920.0,161006.0,161320.0,162205.0,162874.0,163354.0
Beloit,WI,"Beloit, WI",160260.0,159867.0,160065.0,160341.0,160920.0,161006.0,161320.0,162205.0,162874.0,163354.0
Jefferson City,MO,"Jefferson City, MO",149991.0,150413.0,150391.0,150669.0,150727.0,150928.0,151375.0,151319.0,151512.0,151235.0
Johnson City,TN,"Johnson City, TN",199010.0,199574.0,200473.0,200470.0,200021.0,200331.0,201457.0,201909.0,202900.0,203649.0
Johnstown,PA,"Johnstown, PA",143461.0,142579.0,141536.0,138826.0,137537.0,136028.0,134414.0,132960.0,131449.0,130192.0
Jonesboro,AR,"Jonesboro, AR",121263.0,122854.0,124292.0,125840.0,126813.0,128459.0,129906.0,131259.0,132719.0,133860.0
Joplin,MO,"Joplin, MO",175833.0,173846.0,174407.0,175144.0,175869.0,176686.0,177397.0,178239.0,178613.0,179564.0
Kahului,HI,"Kahului, HI",155020.0,156936.0,158889.0,161004.0,163036.0,163904.0,165350.0,166146.0,166972.0,167417.0
Wailuku,HI,"Wailuku, HI",155020.0,156936.0,158889.0,161004.0,163036.0,163904.0,165350.0,166146.0,166972.0,167417.0
Lahaina,HI,"Lahaina, HI",155020.0,156936.0,158889.0,161004.0,163036.0,163904.0,165350.0,166146.0,166972.0,167417.0
Kalamazoo,MI,"Kalamazoo, MI",250751.0,252600.0,255353.0,257311.0,258951.0,259676.0,261304.0,262998.0,264680.0,265066.0
Portage,MI,"Portage, MI",250751.0,252600.0,255353.0,257311.0,258951.0,259676.0,261304.0,262998.0,264680.0,265066.0
Kankakee,IL,"Kankakee, IL",113418.0,113519.0,112974.0,112735.0,111883.0,111750.0,111080.0,110540.0,109953.0,109862.0
Kansas City,MO,"Kansas City, MO",2013361.0,2025490.0,2038586.0,2053850.0,2069182.0,2085913.0,2107066.0,2127203.0,2144427.0,2157990.0
Kansas City,KS,"Kansas City, KS",2013361.0,2025490.0,2038586.0,2053850.0,2069182.0,2085913.0,2107066.0,2127203.0,2144427.0,2157990.0
Kennewick,WA,"Kennewick, WA",255542.0,263487.0,268071.0,270766.0,274154.0,278945.0,283693.0,290096.0,295289.0,299612.0
Richland,WA,"Richland, WA",255542.0,263487.0,268071.0,270766.0,274154.0,278945.0,283693.0,290096.0,295289.0,299612.0
Killeen,TX,"Killeen, TX",408262.0,412348.0,423475.0,423931.0,426421.0,432583.0,436421.0,442998.0,451272.0,460303.0
Temple,TX,"Temple, TX",408262.0,412348.0,423475.0,423931.0,426421.0,432583.0,436421.0,442998.0,451272.0,460303.0
Kingsport,TN,"Kingsport, TN",309480.0,309098.0,308623.0,307811.0,307198.0,306279.0,306017.0,306496.0,306736.0,307202.0
Kingsport,VA,"Kingsport, VA",309480.0,309098.0,308623.0,307811.0,307198.0,306279.0,306017.0,306496.0,306736.0,307202.0
Bristol,TN,"Bristol, TN",309480.0,309098.0,308623.0,307811.0,307198.0,306279.0,306017.0,306496.0,306736.0,307202.0
Bristol,VA,"Bristol, VA",309480.0,309098.0,308623.0,307811.0,307198.0,306279.0,306017.0,306496.0,306736.0,307202.0
Kingston,NY,"Kingston, NY",182418.0,182448.0,181538.0,180698.0,180400.0,179658.0,179042.0,178635.0,178418.0,177573.0
Knoxville,TN,"Knoxville, TN",815984.0,820702.0,825007.0,829017.0,832928.0,837818.0,844942.0,853645.0,861234.0,869046.0
Kokomo,IN,"Kokomo, IN",82752.0,82797.0,82839.0,82738.0,82605.0,82338.0,82304.0,82210.0,82257.0,82544.0
La Crosse,WI,"La Crosse, WI",133897.0,134106.0,135307.0,135655.0,136140.0,136385.0,136384.0,136710.0,136613.0,136616.0
La Crosse,MN,"La Crosse, MN",133897.0,134106.0,135307.0,135655.0,136140.0,136385.0,136384.0,136710.0,136613.0,136616.0
Onalaska,WI,"Onalaska, WI",133897.0,134106.0,135307.0,135655.0,136140.0,136385.0,136384.0,136710.0,136613.0,136616.0
Onalaska,MN,"Onalaska, MN",133897.0,134106.0,135307.0,135655.0,136140.0,136385.0,136384.0,136710.0,136613.0,136616.0
Lafayette,LA,"Lafayette, LA",467612.0,470935.0,474205.0,479794.0,484876.0,489507.0,490877.0,490299.0,489680.0,489207.0
Lafayette,IN,"Lafayette, IN",210687.0,213230.0,216449.0,219183.0,221445.0,223573.0,227088.0,228101.0,230938.0,233002.0
West Lafayette,IN,"West Lafayette, IN",210687.0,213230.0,216449.0,219183.0,221445.0,223573.0,227088.0,228101.0,230938.0,233002.0
Lake Charles,LA,"Lake Charles, LA",199943.0,200534.0,201110.0,202205.0,203296.0,205275.0,207464.0,209410.0,210190.0,210409.0
Lake Havasu City,AZ,"Lake Havasu City, AZ",200314.0,202812.0,203347.0,203126.0,203423.0,204574.0,205412.0,207017.0,209292.0,212181.0
Kingman,AZ,"Kingman, AZ",200314.0,202812.0,203347.0,203126.0,203423.0,204574.0,205412.0,207017.0,209292.0,212181.0
Lakeland,FL,"Lakeland, FL",603102.0,609948.0,615453.0,622633.0,634398.0,648523.0,665823.0,685368.0,706597.0,724777.0
Winter Haven,FL,"Winter Haven, FL",603102.0,609948.0,615453.0,622633.0,634398.0,648523.0,665823.0,685368.0,706597.0,724777.0
Lancaster,PA,"Lancaster, PA",520319.0,523957.0,526878.0,530012.0,533289.0,535811.0,538160.0,541332.0,543969.0,545724.0
Lansing,MI,"Lansing, MI",534899.0,536605.0,537005.0,538089.0,540028.0,541271.0,545146.0,548380.0,548674.0,550391.0
East Lansing,MI,"East Lansing, MI",534899.0,536605.0,537005.0,538089.0,540028.0,541271.0,545146.0,548380.0,548674.0,550391.0
Laredo,TX,"Laredo, TX",251370.0,255935.0,260595.0,264430.0,267465.0,269865.0,272301.0,273691.0,275120.0,276652.0
Las Cruces,NM,"Las Cruces, NM",210097.0,213126.0,214450.0,214288.0,213933.0,214034.0,214663.0,216174.0,217278.0,218195.0
Las Vegas,NV,"Las Vegas, NV",1952587.0,1961925.0,1989224.0,2017193.0,2053134.0,2096717.0,2138836.0,2181635.0,2226115.0,2266715.0
Henderson,NV,"Henderson, NV",1952587.0,1961925.0,1989224.0,2017193.0,2053134.0,2096717.0,2138836.0,2181635.0,2226115.0,2266715.0
Paradise,NV,"Paradise, NV",1952587.0,1961925.0,1989224.0,2017193.0,2053134.0,2096717.0,2138836.0,2181635.0,2226115.0,2266715.0
Lawrence,KS,"Lawrence, KS",111198.0,112479.0,113313.0,114713.0,116445.0,118141.0,119662.0,120281.0,121109.0,122259.0
Lawton,OK,"Lawton, OK",131569.0,132255.0,132696.0,131113.0,130909.0,130011.0,127676.0,127649.0,126348.0,126415.0
Lebanon,PA,"Lebanon, PA",133664.0,134529.0,135545.0,135804.0,136538.0,137479.0,138480.0,139553.0,141339.0,141793.0
Lewiston,ID,"Lewiston, ID",61040.0,61409.0,61413.0,61927.0,62031.0,62108.0,62422.0,62798.0,62872.0,62990.0
Lewiston,ME,"Lewiston, ME",107708.0,107439.0,107486.0,107223.0,107358.0,107124.0,107296.0,107399.0,107914.0,108277.0
Auburn,ME,"Auburn, ME",107708.0,107439.0,107486.0,107223.0,107358.0,107124.0,107296.0,107399.0,107914.0,108277.0
Lexington,KY,"Lexington, KY",473412.0,478930.0,485236.0,490906.0,495137.0,501469.0,507387.0,512381.0,514938.0,517056.0
Fayette,KY,"Fayette, KY",473412.0,478930.0,485236.0,490906.0,495137.0,501469.0,507387.0,512381.0,514938.0,517056.0
Lima,OH,"Lima, OH",106358.0,105988.0,105244.0,105055.0,104848.0,104095.0,103613.0,103093.0,102725.0,102351.0
Lincoln,NE,"Lincoln, NE",302961.0,306619.0,310328.0,314103.0,319634.0,323090.0,327409.0,330975.0,333800.0,336374.0
Little Rock,AR,"Little Rock, AR",702294.0,710682.0,717665.0,723159.0,728190.0,730889.0,734166.0,737557.0,740081.0,742384.0
North Little Rock,AR,"North Little Rock, AR",702294.0,710682.0,717665.0,723159.0,728190.0,730889.0,734166.0,737557.0,740081.0,742384.0
Conway,AR,"Conway, AR",702294.0,710682.0,717665.0,723159.0,728190.0,730889.0,734166.0,737557.0,740081.0,742384.0
Logan,UT,"Logan, UT",126167.0,127591.0,128693.0,129827.0,130804.0,132652.0,135521.0,137703.0,140104.0,142165.0
Longview,TX,"Longview, TX",280487.0,282427.0,283056.0,282589.0,283219.0,283767.0,283641.0,284602.0,285315.0,286657.0
Longview,WA,"Longview, WA",102358.0,102309.0,101663.0,101483.0,101790.0,102999.0,104740.0,106805.0,108752.0,110593.0
Anaheim,CA,"Anaheim, CA",3015171.0,3049271.0,3078068.0,3104950.0,3126537.0,3149280.0,3164986.0,3174289.0,3175973.0,3175692.0
Santa Ana,CA,"Santa Ana, CA",3015171.0,3049271.0,3078068.0,3104950.0,3126537.0,3149280.0,3164986.0,3174289.0,3175973.0,3175692.0
Irvine,CA,"Irvine, CA",3015171.0,3049271.0,3078068.0,3104950.0,3126537.0,3149280.0,3164986.0,3174289.0,3175973.0,3175692.0
Los Angeles,CA,"Los Angeles, CA",9823246.0,9876482.0,9935375.0,9992484.0,10040072.0,10085416.0,10105708.0,10103711.0,10073906.0,10039107.0
Long Beach,CA,"Long Beach, CA",9823246.0,9876482.0,9935375.0,9992484.0,10040072.0,10085416.0,10105708.0,10103711.0,10073906.0,10039107.0
Glendale,CA,"Glendale, CA",9823246.0,9876482.0,9935375.0,9992484.0,10040072.0,10085416.0,10105708.0,10103711.0,10073906.0,10039107.0
Louisville/Jefferson County,KY,"Louisville/Jefferson County, KY",1204655.0,1211869.0,1220183.0,1232178.0,1239354.0,1246231.0,1252525.0,1259553.0,1262023.0,1265108.0
Louisville/Jefferson County,IN,"Louisville/Jefferson County, IN",1204655.0,1211869.0,1220183.0,1232178.0,1239354.0,1246231.0,1252525.0,1259553.0,1262023.0,1265108.0
Lubbock,TX,"Lubbock, TX",292241.0,295338.0,297793.0,301167.0,306056.0,310001.0,313780.0,317094.0,319239.0,322257.0
Lynchburg,VA,"Lynchburg, VA",252969.0,254190.0,255725.0,256832.0,257953.0,259447.0,260537.0,261813.0,262893.0,263566.0
Macon,GA,"Macon, GA",232199.0,232707.0,232734.0,231225.0,230441.0,229795.0,229148.0,228985.0,229594.0,229996.0
Bibb County,GA,"Bibb County, GA",232199.0,232707.0,232734.0,231225.0,230441.0,229795.0,229148.0,228985.0,229594.0,229996.0
Madera,CA,"Madera, CA",150986.0,151675.0,151527.0,151370.0,153456.0,153576.0,153956.0,155423.0,156882.0,157327.0
Madison,WI,"Madison, WI",606625.0,613159.0,619719.0,626833.0,633369.0,640198.0,648388.0,655250.0,659927.0,664865.0
Manchester,NH,"Manchester, NH",401055.0,402774.0,404344.0,405281.0,407275.0,408985.0,411333.0,413204.0,414630.0,417025.0
Nashua,NH,"Nashua, NH",401055.0,402774.0,404344.0,405281.0,407275.0,408985.0,411333.0,413204.0,414630.0,417025.0
Manhattan,KS,"Manhattan, KS",128521.0,130746.0,137731.0,136294.0,135665.0,136989.0,134000.0,131667.0,131698.0,130285.0
Mankato,MN,"Mankato, MN",96844.0,97325.0,97994.0,97718.0,98670.0,99199.0,100075.0,100968.0,101577.0,101927.0
Mansfield,OH,"Mansfield, OH",124162.0,123144.0,122633.0,122314.0,121999.0,121688.0,121242.0,120430.0,120987.0,121154.0
McAllen,TX,"McAllen, TX",779149.0,795517.0,808334.0,818619.0,829819.0,839667.0,848960.0,856249.0,862298.0,868707.0
Edinburg,TX,"Edinburg, TX",779149.0,795517.0,808334.0,818619.0,829819.0,839667.0,848960.0,856249.0,862298.0,868707.0
Mission,TX,"Mission, TX",779149.0,795517.0,808334.0,818619.0,829819.0,839667.0,848960.0,856249.0,862298.0,868707.0
Medford,OR,"Medford, OR",203341.0,204747.0,205852.0,207179.0,209189.0,211403.0,214366.0,216746.0,219411.0,220944.0
Memphis,TN,"Memphis, TN",1317489.0,1323741.0,1331396.0,1332114.0,1333432.0,1334790.0,1336204.0,1338582.0,1342497.0,1346045.0
Merced,CA,"Merced, CA",256721.0,259297.0,260867.0,262026.0,264419.0,266353.0,267628.0,271096.0,274151.0,277680.0
Fort Lauderdale,FL,"Fort Lauderdale, FL",1752803.0,1786980.0,1814253.0,1836600.0,1860933.0,1885040.0,1912583.0,1934516.0,1946107.0,1952778.0
Pompano Beach,FL,"Pompano Beach, FL",1752803.0,1786980.0,1814253.0,1836600.0,1860933.0,1885040.0,1912583.0,1934516.0,1946107.0,1952778.0
Sunrise,FL,"Sunrise, FL",1752803.0,1786980.0,1814253.0,1836600.0,1860933.0,1885040.0,1912583.0,1934516.0,1946107.0,1952778.0
Miami,FL,"Miami, FL",2506972.0,2544531.0,2576554.0,2609692.0,2634269.0,2659839.0,2692213.0,2713295.0,2714854.0,2716940.0
Miami Beach,FL,"Miami Beach, FL",2506972.0,2544531.0,2576554.0,2609692.0,2634269.0,2659839.0,2692213.0,2713295.0,2714854.0,2716940.0
Kendall,FL,"Kendall, FL",2506972.0,2544531.0,2576554.0,2609692.0,2634269.0,2659839.0,2692213.0,2713295.0,2714854.0,2716940.0
West Palm Beach,FL,"West Palm Beach, FL",1323619.0,1336760.0,1354936.0,1376462.0,1398656.0,1424256.0,1450890.0,1470344.0,1482876.0,1496770.0
Boca Raton,FL,"Boca Raton, FL",1323619.0,1336760.0,1354936.0,1376462.0,1398656.0,1424256.0,1450890.0,1470344.0,1482876.0,1496770.0
Boynton Beach,FL,"Boynton Beach, FL",1323619.0,1336760.0,1354936.0,1376462.0,1398656.0,1424256.0,1450890.0,1470344.0,1482876.0,1496770.0
Michigan City,IN,"Michigan City, IN",111459.0,111317.0,111304.0,111423.0,111735.0,110835.0,110222.0,109842.0,109981.0,109888.0
La Porte,IN,"La Porte, IN",111459.0,111317.0,111304.0,111423.0,111735.0,110835.0,110222.0,109842.0,109981.0,109888.0
Midland,MI,"Midland, MI",83651.0,83805.0,83721.0,83651.0,83492.0,83662.0,83422.0,83314.0,83223.0,83156.0
Midland,TX,"Midland, TX",141783.0,145108.0,152312.0,157628.0,162187.0,167974.0,169466.0,170849.0,178186.0,182603.0
Milwaukee,WI,"Milwaukee, WI",1556678.0,1561296.0,1567248.0,1571732.0,1575002.0,1576496.0,1576004.0,1574444.0,1573995.0,1575179.0
Waukesha,WI,"Waukesha, WI",1556678.0,1561296.0,1567248.0,1571732.0,1575002.0,1576496.0,1576004.0,1574444.0,1573995.0,1575179.0
Paul,MN,"Paul, MN",3340007.0,3373392.0,3405952.0,3440782.0,3476192.0,3503728.0,3538527.0,3575699.0,3610061.0,3640043.0
Paul,WI,"Paul, WI",3340007.0,3373392.0,3405952.0,3440782.0,3476192.0,3503728.0,3538527.0,3575699.0,3610061.0,3640043.0
Bloomington,MN,"Bloomington, MN",3340007.0,3373392.0,3405952.0,3440782.0,3476192.0,3503728.0,3538527.0,3575699.0,3610061.0,3640043.0
Bloomington,WI,"Bloomington, WI",3340007.0,3373392.0,3405952.0,3440782.0,3476192.0,3503728.0,3538527.0,3575699.0,3610061.0,3640043.0
Missoula,MT,"Missoula, MT",109467.0,110245.0,111042.0,111900.0,112801.0,114122.0,116349.0,117834.0,118640.0,119600.0
Mobile,AL,"Mobile, AL",430941.0,430423.0,430962.0,430815.0,431017.0,431294.0,431566.0,430567.0,430310.0,429536.0
Modesto,CA,"Modesto, CA",515145.0,517560.0,520424.0,523451.0,528015.0,533211.0,539255.0,544717.0,548126.0,550660.0
Monroe,LA,"Monroe, LA",204675.0,204886.0,205151.0,205454.0,205570.0,205668.0,205319.0,203894.0,202138.0,200261.0
Monroe,MI,"Monroe, MI",151936.0,151496.0,150804.0,150139.0,149847.0,149353.0,149159.0,149449.0,150174.0,150500.0
Montgomery,AL,"Montgomery, AL",375119.0,375549.0,374872.0,374114.0,373476.0,373365.0,373865.0,374174.0,373022.0,373290.0
Morgantown,WV,"Morgantown, WV",130308.0,132678.0,134813.0,135948.0,137396.0,138523.0,139403.0,139608.0,139204.0,139044.0
Morristown,TN,"Morristown, TN",136945.0,137560.0,137753.0,137924.0,138280.0,139212.0,139924.0,140898.0,141778.0,142749.0
Mount Vernon,WA,"Mount Vernon, WA",116944.0,117578.0,117714.0,118255.0,119966.0,121559.0,123603.0,125860.0,127835.0,129205.0
Anacortes,WA,"Anacortes, WA",116944.0,117578.0,117714.0,118255.0,119966.0,121559.0,123603.0,125860.0,127835.0,129205.0
Muncie,IN,"Muncie, IN",117665.0,117901.0,117027.0,116831.0,116487.0,115767.0,115657.0,115246.0,114297.0,114135.0
Muskegon,MI,"Muskegon, MI",171913.0,170026.0,170159.0,172273.0,172254.0,172447.0,173227.0,173645.0,173599.0,173566.0
Myrtle Beach,SC,"Myrtle Beach, SC",378343.0,385650.0,393299.0,403705.0,416065.0,431198.0,447337.0,463514.0,480985.0,496901.0
Myrtle Beach,NC,"Myrtle Beach, NC",378343.0,385650.0,393299.0,403705.0,416065.0,431198.0,447337.0,463514.0,480985.0,496901.0
Conway,SC,"Conway, SC",378343.0,385650.0,393299.0,403705.0,416065.0,431198.0,447337.0,463514.0,480985.0,496901.0
Conway,NC,"Conway, NC",378343.0,385650.0,393299.0,403705.0,416065.0,431198.0,447337.0,463514.0,480985.0,496901.0
North Myrtle Beach,SC,"North Myrtle Beach, SC",378343.0,385650.0,393299.0,403705.0,416065.0,431198.0,447337.0,463514.0,480985.0,496901.0
North Myrtle Beach,NC,"North Myrtle Beach, NC",378343.0,385650.0,393299.0,403705.0,416065.0,431198.0,447337.0,463514.0,480985.0,496901.0
Napa,CA,"Napa, CA",136759.0,137691.0,138538.0,139580.0,140405.0,140862.0,140840.0,139878.0,138789.0,137744.0
Naples,FL,"Naples, FL",322581.0,327629.0,332233.0,338987.0,347211.0,356041.0,365445.0,372678.0,378201.0,384902.0
Marco Island,FL,"Marco Island, FL",322581.0,327629.0,332233.0,338987.0,347211.0,356041.0,365445.0,372678.0,378201.0,384902.0
Nashville,TN,"Nashville, TN",1650831.0,1674534.0,1703609.0,1735012.0,1768350.0,1804671.0,1841294.0,1874515.0,1904726.0,1934317.0
Davidson,TN,"Davidson, TN",1650831.0,1674534.0,1703609.0,1735012.0,1768350.0,1804671.0,1841294.0,1874515.0,1904726.0,1934317.0
Murfreesboro,TN,"Murfreesboro, TN",1650831.0,1674534.0,1703609.0,1735012.0,1768350.0,1804671.0,1841294.0,1874515.0,1904726.0,1934317.0
Franklin,TN,"Franklin, TN",1650831.0,1674534.0,1703609.0,1735012.0,1768350.0,1804671.0,1841294.0,1874515.0,1904726.0,1934317.0
New Bern,NC,"New Bern, NC",127423.0,128135.0,128409.0,127172.0,126778.0,125371.0,124985.0,124703.0,124584.0,124284.0
New Haven,CT,"New Haven, CT",863357.0,863871.0,864566.0,862820.0,862885.0,860186.0,857901.0,857748.0,856971.0,854757.0
Milford,CT,"Milford, CT",863357.0,863871.0,864566.0,862820.0,862885.0,860186.0,857901.0,857748.0,856971.0,854757.0
New Orleans,LA,"New Orleans, LA",1195324.0,1214008.0,1226887.0,1239584.0,1248905.0,1260281.0,1267613.0,1270326.0,1270133.0,1270530.0
Metairie,LA,"Metairie, LA",1195324.0,1214008.0,1226887.0,1239584.0,1248905.0,1260281.0,1267613.0,1270326.0,1270133.0,1270530.0
New York,PA,"New York, PA",18923407.0,19052774.0,19149689.0,19226449.0,19280929.0,19320968.0,19334778.0,19322607.0,19276644.0,19216182.0
Newark,NY,"Newark, NY",18923407.0,19052774.0,19149689.0,19226449.0,19280929.0,19320968.0,19334778.0,19322607.0,19276644.0,19216182.0
Newark,PA,"Newark, PA",18923407.0,19052774.0,19149689.0,19226449.0,19280929.0,19320968.0,19334778.0,19322607.0,19276644.0,19216182.0
Jersey City,PA,"Jersey City, PA",18923407.0,19052774.0,19149689.0,19226449.0,19280929.0,19320968.0,19334778.0,19322607.0,19276644.0,19216182.0
Nassau County,NY,"Nassau County, NY",2836008.0,2845115.0,2846598.0,2849539.0,2850230.0,2846807.0,2842358.0,2840651.0,2838364.0,2833525.0
Suffolk County,NY,"Suffolk County, NY",2836008.0,2845115.0,2846598.0,2849539.0,2850230.0,2846807.0,2842358.0,2840651.0,2838364.0,2833525.0
Newark,NJ,"Newark, NJ",2147559.0,2152836.0,2153507.0,2156780.0,2157654.0,2158381.0,2160926.0,2166313.0,2169430.0,2167829.0
New Brunswick,NJ,"New Brunswick, NJ",2342905.0,2349442.0,2354324.0,2359761.0,2363448.0,2366342.0,2369200.0,2375350.0,2378290.0,2379977.0
Lakewood,NJ,"Lakewood, NJ",2342905.0,2349442.0,2354324.0,2359761.0,2363448.0,2366342.0,2369200.0,2375350.0,2378290.0,2379977.0
New York,NY,"New York, NY",11596935.0,11705381.0,11795260.0,11860369.0,11909597.0,11949438.0,11962294.0,11940293.0,11890560.0,11834851.0
New York,NJ,"New York, NJ",11596935.0,11705381.0,11795260.0,11860369.0,11909597.0,11949438.0,11962294.0,11940293.0,11890560.0,11834851.0
Jersey City,NY,"Jersey City, NY",11596935.0,11705381.0,11795260.0,11860369.0,11909597.0,11949438.0,11962294.0,11940293.0,11890560.0,11834851.0
Jersey City,NJ,"Jersey City, NJ",11596935.0,11705381.0,11795260.0,11860369.0,11909597.0,11949438.0,11962294.0,11940293.0,11890560.0,11834851.0
White Plains,NY,"White Plains, NY",11596935.0,11705381.0,11795260.0,11860369.0,11909597.0,11949438.0,11962294.0,11940293.0,11890560.0,11834851.0
White Plains,NJ,"White Plains, NJ",11596935.0,11705381.0,11795260.0,11860369.0,11909597.0,11949438.0,11962294.0,11940293.0,11890560.0,11834851.0
Niles,MI,"Niles, MI",156737.0,156885.0,156621.0,156129.0,155977.0,155022.0,154325.0,154128.0,153790.0,153401.0
North Port,FL,"North Port, FL",703354.0,709775.0,720281.0,731796.0,747228.0,767309.0,788341.0,805186.0,820716.0,836995.0
Sarasota,FL,"Sarasota, FL",703354.0,709775.0,720281.0,731796.0,747228.0,767309.0,788341.0,805186.0,820716.0,836995.0
Bradenton,FL,"Bradenton, FL",703354.0,709775.0,720281.0,731796.0,747228.0,767309.0,788341.0,805186.0,820716.0,836995.0
Norwich,CT,"Norwich, CT",274004.0,273037.0,274091.0,272976.0,271462.0,269636.0,268403.0,267419.0,266285.0,265206.0
New London,CT,"New London, CT",274004.0,273037.0,274091.0,272976.0,271462.0,269636.0,268403.0,267419.0,266285.0,265206.0
Ocala,FL,"Ocala, FL",331331.0,332286.0,333873.0,335083.0,338005.0,342182.0,347469.0,353339.0,359062.0,365579.0
Ocean City,NJ,"Ocean City, NJ",97212.0,96494.0,96228.0,95498.0,94907.0,94160.0,93655.0,93129.0,92446.0,92039.0
Odessa,TX,"Odessa, TX",137075.0,139642.0,144495.0,149656.0,154588.0,159903.0,157858.0,156951.0,161960.0,166223.0
Ogden,UT,"Ogden, UT",599740.0,605591.0,612185.0,621224.0,630767.0,640334.0,652476.0,664040.0,673660.0,683864.0
Clearfield,UT,"Clearfield, UT",599740.0,605591.0,612185.0,621224.0,630767.0,640334.0,652476.0,664040.0,673660.0,683864.0
Oklahoma City,OK,"Oklahoma City, OK",1257793.0,1277045.0,1297857.0,1320148.0,1336256.0,1357178.0,1372985.0,1381492.0,1393605.0,1408950.0
Olympia,WA,"Olympia, WA",253001.0,256386.0,258527.0,261852.0,264909.0,267978.0,273714.0,280269.0,286056.0,290536.0
Lacey,WA,"Lacey, WA",253001.0,256386.0,258527.0,261852.0,264909.0,267978.0,273714.0,280269.0,286056.0,290536.0
Tumwater,WA,"Tumwater, WA",253001.0,256386.0,258527.0,261852.0,264909.0,267978.0,273714.0,280269.0,286056.0,290536.0
Omaha,NE,"Omaha, NE",867671.0,876022.0,884555.0,893864.0,903335.0,913073.0,923431.0,931987.0,940970.0,949442.0
Omaha,IA,"Omaha, IA",867671.0,876022.0,884555.0,893864.0,903335.0,913073.0,923431.0,931987.0,940970.0,949442.0
Council Bluffs,NE,"Council Bluffs, NE",867671.0,876022.0,884555.0,893864.0,903335.0,913073.0,923431.0,931987.0,940970.0,949442.0
Council Bluffs,IA,"Council Bluffs, IA",867671.0,876022.0,884555.0,893864.0,903335.0,913073.0,923431.0,931987.0,940970.0,949442.0
Orlando,FL,"Orlando, FL",2139161.0,2176054.0,2225636.0,2270149.0,2324391.0,2388509.0,2455583.0,2517777.0,2574838.0,2608147.0
Kissimmee,FL,"Kissimmee, FL",2139161.0,2176054.0,2225636.0,2270149.0,2324391.0,2388509.0,2455583.0,2517777.0,2574838.0,2608147.0
Sanford,FL,"Sanford, FL",2139161.0,2176054.0,2225636.0,2270149.0,2324391.0,2388509.0,2455583.0,2517777.0,2574838.0,2608147.0
Oshkosh,WI,"Oshkosh, WI",167073.0,167493.0,168525.0,169283.0,169324.0,169246.0,169629.0,170394.0,170878.0,171907.0
Neenah,WI,"Neenah, WI",167073.0,167493.0,168525.0,169283.0,169324.0,169246.0,169629.0,170394.0,170878.0,171907.0
Owensboro,KY,"Owensboro, KY",114770.0,115255.0,115972.0,116373.0,116529.0,117521.0,118092.0,118455.0,118879.0,119440.0
Oxnard,CA,"Oxnard, CA",825097.0,830099.0,833516.0,838136.0,842297.0,845802.0,847323.0,849044.0,848142.0,846006.0
Thousand Oaks,CA,"Thousand Oaks, CA",825097.0,830099.0,833516.0,838136.0,842297.0,845802.0,847323.0,849044.0,848142.0,846006.0
Ventura,CA,"Ventura, CA",825097.0,830099.0,833516.0,838136.0,842297.0,845802.0,847323.0,849044.0,848142.0,846006.0
Palm Bay,FL,"Palm Bay, FL",543965.0,544359.0,546966.0,550255.0,555548.0,565746.0,576874.0,587769.0,595203.0,601942.0
Melbourne,FL,"Melbourne, FL",543965.0,544359.0,546966.0,550255.0,555548.0,565746.0,576874.0,587769.0,595203.0,601942.0
Titusville,FL,"Titusville, FL",543965.0,544359.0,546966.0,550255.0,555548.0,565746.0,576874.0,587769.0,595203.0,601942.0
Panama City,FL,"Panama City, FL",169206.0,169555.0,171757.0,174596.0,178289.0,181488.0,183634.0,184736.0,186240.0,174705.0
Parkersburg,WV,"Parkersburg, WV",92698.0,92643.0,92390.0,92360.0,92259.0,92139.0,91476.0,90846.0,89991.0,89339.0
Vienna,WV,"Vienna, WV",92698.0,92643.0,92390.0,92360.0,92259.0,92139.0,91476.0,90846.0,89991.0,89339.0
Pensacola,FL,"Pensacola, FL",450946.0,455139.0,461613.0,467086.0,470628.0,475537.0,481367.0,487298.0,494399.0,502629.0
Ferry Pass,FL,"Ferry Pass, FL",450946.0,455139.0,461613.0,467086.0,470628.0,475537.0,481367.0,487298.0,494399.0,502629.0
Brent,FL,"Brent, FL",450946.0,455139.0,461613.0,467086.0,470628.0,475537.0,481367.0,487298.0,494399.0,502629.0
Peoria,IL,"Peoria, IL",416051.0,416687.0,416866.0,418092.0,415479.0,412856.0,410754.0,406913.0,403328.0,400561.0
Philadelphia,NJ,"Philadelphia, NJ",5970899.0,5996232.0,6016616.0,6030134.0,6046382.0,6056816.0,6066661.0,6078522.0,6091208.0,6102434.0
Philadelphia,DE,"Philadelphia, DE",5970899.0,5996232.0,6016616.0,6030134.0,6046382.0,6056816.0,6066661.0,6078522.0,6091208.0,6102434.0
Philadelphia,MD,"Philadelphia, MD",5970899.0,5996232.0,6016616.0,6030134.0,6046382.0,6056816.0,6066661.0,6078522.0,6091208.0,6102434.0
Camden,PA,"Camden, PA",5970899.0,5996232.0,6016616.0,6030134.0,6046382.0,6056816.0,6066661.0,6078522.0,6091208.0,6102434.0
Camden,DE,"Camden, DE",5970899.0,5996232.0,6016616.0,6030134.0,6046382.0,6056816.0,6066661.0,6078522.0,6091208.0,6102434.0
Camden,MD,"Camden, MD",5970899.0,5996232.0,6016616.0,6030134.0,6046382.0,6056816.0,6066661.0,6078522.0,6091208.0,6102434.0
Wilmington,PA,"Wilmington, PA",5970899.0,5996232.0,6016616.0,6030134.0,6046382.0,6056816.0,6066661.0,6078522.0,6091208.0,6102434.0
Wilmington,NJ,"Wilmington, NJ",5970899.0,5996232.0,6016616.0,6030134.0,6046382.0,6056816.0,6066661.0,6078522.0,6091208.0,6102434.0
Wilmington,MD,"Wilmington, MD",5970899.0,5996232.0,6016616.0,6030134.0,6046382.0,6056816.0,6066661.0,6078522.0,6091208.0,6102434.0
Camden,NJ,"Camden, NJ",1251554.0,1252459.0,1251910.0,1248615.0,1247164.0,1245413.0,1243735.0,1242795.0,1242623.0,1243456.0
Montgomery County,PA,"Montgomery County, PA",1926184.0,1934681.0,1940107.0,1946703.0,1953776.0,1957511.0,1962419.0,1970015.0,1976822.0,1984174.0
Bucks County,PA,"Bucks County, PA",1926184.0,1934681.0,1940107.0,1946703.0,1953776.0,1957511.0,1962419.0,1970015.0,1976822.0,1984174.0
Chester County,PA,"Chester County, PA",1926184.0,1934681.0,1940107.0,1946703.0,1953776.0,1957511.0,1962419.0,1970015.0,1976822.0,1984174.0
Philadelphia,PA,"Philadelphia, PA",2087264.0,2099741.0,2112585.0,2119812.0,2128156.0,2134290.0,2139759.0,2144459.0,2148823.0,2150811.0
Wilmington,DE,"Wilmington, DE",705897.0,709351.0,712014.0,715004.0,717286.0,719602.0,720748.0,721253.0,722940.0,723993.0
Phoenix,AZ,"Phoenix, AZ",4204204.0,4253037.0,4329756.0,4403121.0,4488970.0,4578519.0,4673336.0,4758748.0,4849209.0,4948203.0
Mesa,AZ,"Mesa, AZ",4204204.0,4253037.0,4329756.0,4403121.0,4488970.0,4578519.0,4673336.0,4758748.0,4849209.0,4948203.0
Chandler,AZ,"Chandler, AZ",4204204.0,4253037.0,4329756.0,4403121.0,4488970.0,4578519.0,4673336.0,4758748.0,4849209.0,4948203.0
Pine Bluff,AR,"Pine Bluff, AR",100107.0,99052.0,97423.0,95769.0,94882.0,94022.0,92380.0,90875.0,89246.0,87804.0
Pittsburgh,PA,"Pittsburgh, PA",2357090.0,2360417.0,2360443.0,2359803.0,2356189.0,2347757.0,2340222.0,2329004.0,2322653.0,2317600.0
Pittsfield,MA,"Pittsfield, MA",131317.0,130547.0,130284.0,129488.0,128856.0,127858.0,127067.0,126353.0,125901.0,124944.0
Pocatello,ID,"Pocatello, ID",90892.0,91421.0,91585.0,91246.0,91265.0,91871.0,92357.0,93088.0,94374.0,95489.0
Portland,ME,"Portland, ME",513911.0,516070.0,517632.0,519987.0,523989.0,525831.0,528912.0,531899.0,535232.0,538500.0
South Portland,ME,"South Portland, ME",513911.0,516070.0,517632.0,519987.0,523989.0,525831.0,528912.0,531899.0,535232.0,538500.0
Portland,OR,"Portland, OR",2232181.0,2262834.0,2288465.0,2311015.0,2343994.0,2381660.0,2426575.0,2454815.0,2473350.0,2492412.0
Portland,WA,"Portland, WA",2232181.0,2262834.0,2288465.0,2311015.0,2343994.0,2381660.0,2426575.0,2454815.0,2473350.0,2492412.0
Vancouver,OR,"Vancouver, OR",2232181.0,2262834.0,2288465.0,2311015.0,2343994.0,2381660.0,2426575.0,2454815.0,2473350.0,2492412.0
Vancouver,WA,"Vancouver, WA",2232181.0,2262834.0,2288465.0,2311015.0,2343994.0,2381660.0,2426575.0,2454815.0,2473350.0,2492412.0
Hillsboro,OR,"Hillsboro, OR",2232181.0,2262834.0,2288465.0,2311015.0,2343994.0,2381660.0,2426575.0,2454815.0,2473350.0,2492412.0
Hillsboro,WA,"Hillsboro, WA",2232181.0,2262834.0,2288465.0,2311015.0,2343994.0,2381660.0,2426575.0,2454815.0,2473350.0,2492412.0
Lucie,FL,"Lucie, FL",425173.0,428287.0,431912.0,436425.0,443164.0,452841.0,463891.0,472864.0,481167.0,489297.0
Poughkeepsie,NY,"Poughkeepsie, NY",671173.0,672230.0,670722.0,670588.0,669972.0,669842.0,670828.0,673303.0,676065.0,679158.0
Newburgh,NY,"Newburgh, NY",671173.0,672230.0,670722.0,670588.0,669972.0,669842.0,670828.0,673303.0,676065.0,679158.0
Middletown,NY,"Middletown, NY",671173.0,672230.0,670722.0,670588.0,669972.0,669842.0,670828.0,673303.0,676065.0,679158.0
Prescott Valley,AZ,"Prescott Valley, AZ",210983.0,211044.0,211990.0,214421.0,217716.0,220805.0,224575.0,228082.0,231772.0,235099.0
Prescott,AZ,"Prescott, AZ",210983.0,211044.0,211990.0,214421.0,217716.0,220805.0,224575.0,228082.0,231772.0,235099.0
Providence,RI,"Providence, RI",1603125.0,1602957.0,1605741.0,1607460.0,1611026.0,1612928.0,1614840.0,1616614.0,1622379.0,1624578.0
Providence,MA,"Providence, MA",1603125.0,1602957.0,1605741.0,1607460.0,1611026.0,1612928.0,1614840.0,1616614.0,1622379.0,1624578.0
Warwick,RI,"Warwick, RI",1603125.0,1602957.0,1605741.0,1607460.0,1611026.0,1612928.0,1614840.0,1616614.0,1622379.0,1624578.0
Warwick,MA,"Warwick, MA",1603125.0,1602957.0,1605741.0,1607460.0,1611026.0,1612928.0,1614840.0,1616614.0,1622379.0,1624578.0
Provo,UT,"Provo, UT",530262.0,541001.0,549980.0,561534.0,571059.0,583218.0,601304.0,618035.0,633149.0,648252.0
Orem,UT,"Orem, UT",530262.0,541001.0,549980.0,561534.0,571059.0,583218.0,601304.0,618035.0,633149.0,648252.0
Pueblo,CO,"Pueblo, CO",159390.0,160184.0,160721.0,161033.0,161356.0,163006.0,164774.0,166283.0,167422.0,168424.0
Punta Gorda,FL,"Punta Gorda, FL",159875.0,159869.0,162744.0,164671.0,168041.0,172382.0,177671.0,181522.0,184849.0,188910.0
Racine,WI,"Racine, WI",195406.0,194908.0,194594.0,194680.0,194786.0,194672.0,194846.0,195825.0,196357.0,196311.0
Raleigh,NC,"Raleigh, NC",1137383.0,1162179.0,1187848.0,1213499.0,1241189.0,1271091.0,1303854.0,1334235.0,1361590.0,1390785.0
Cary,NC,"Cary, NC",1137383.0,1162179.0,1187848.0,1213499.0,1241189.0,1271091.0,1303854.0,1334235.0,1361590.0,1390785.0
Rapid City,SD,"Rapid City, SD",126727.0,127903.0,130075.0,132320.0,134231.0,134858.0,136450.0,138444.0,140154.0,142107.0
Reading,PA,"Reading, PA",412039.0,413008.0,413518.0,413915.0,414559.0,415138.0,415784.0,417511.0,420529.0,421164.0
Redding,CA,"Redding, CA",177274.0,177588.0,177875.0,178397.0,178844.0,178314.0,178571.0,179384.0,179709.0,180080.0
Reno,NV,"Reno, NV",425951.0,427901.0,431208.0,434878.0,440110.0,446329.0,453709.0,460605.0,468335.0,475642.0
Richmond,VA,"Richmond, VA",1188246.0,1197059.0,1211015.0,1222549.0,1235006.0,1246665.0,1258471.0,1269566.0,1281053.0,1291900.0
Riverside,CA,"Riverside, CA",4242424.0,4294897.0,4334716.0,4369493.0,4415343.0,4461227.0,4512041.0,4565909.0,4612542.0,4650631.0
San Bernardino,CA,"San Bernardino, CA",4242424.0,4294897.0,4334716.0,4369493.0,4415343.0,4461227.0,4512041.0,4565909.0,4612542.0,4650631.0
Ontario,CA,"Ontario, CA",4242424.0,4294897.0,4334716.0,4369493.0,4415343.0,4461227.0,4512041.0,4565909.0,4612542.0,4650631.0
Roanoke,VA,"Roanoke, VA",308589.0,309134.0,310479.0,311878.0,312747.0,313152.0,312647.0,312988.0,313033.0,313222.0
Rochester,MN,"Rochester, MN",207222.0,208473.0,209547.0,211502.0,212659.0,213933.0,216163.0,217993.0,219814.0,221921.0
Rochester,NY,"Rochester, NY",1079974.0,1081557.0,1081508.0,1081736.0,1080094.0,1077092.0,1074063.0,1071962.0,1071621.0,1069644.0
Rockford,IL,"Rockford, IL",349184.0,347773.0,345819.0,344692.0,342409.0,340727.0,339635.0,338194.0,337110.0,336116.0
Rocky Mount,NC,"Rocky Mount, NC",152405.0,151790.0,150862.0,149843.0,149066.0,147529.0,147236.0,146775.0,146078.0,145770.0
Rome,GA,"Rome, GA",96431.0,96161.0,95940.0,95880.0,95868.0,96186.0,96698.0,97500.0,97964.0,98498.0
Sacramento,CA,"Sacramento, CA",2153613.0,2172948.0,2190266.0,2210512.0,2235640.0,2263121.0,2291533.0,2319572.0,2341940.0,2363730.0
Roseville,CA,"Roseville, CA",2153613.0,2172948.0,2190266.0,2210512.0,2235640.0,2263121.0,2291533.0,2319572.0,2341940.0,2363730.0
Folsom,CA,"Folsom, CA",2153613.0,2172948.0,2190266.0,2210512.0,2235640.0,2263121.0,2291533.0,2319572.0,2341940.0,2363730.0
Saginaw,MI,"Saginaw, MI",199862.0,198899.0,198363.0,196794.0,195248.0,193305.0,192507.0,191965.0,190791.0,190539.0
Cloud,MN,"Cloud, MN",189218.0,190090.0,190562.0,191552.0,193109.0,195425.0,196912.0,198436.0,200166.0,201964.0
George,UT,"George, UT",138389.0,141249.0,144139.0,146987.0,151081.0,154650.0,159352.0,165929.0,171567.0,177556.0
Joseph,MO,"Joseph, MO",127271.0,127700.0,127908.0,127635.0,127261.0,126724.0,126597.0,126323.0,125998.0,125223.0
Joseph,KS,"Joseph, KS",127271.0,127700.0,127908.0,127635.0,127261.0,126724.0,126597.0,126323.0,125998.0,125223.0
Louis,MO,"Louis, MO",2789989.0,2795155.0,2796682.0,2799472.0,2803430.0,2807503.0,2805502.0,2805758.0,2803958.0,2803228.0
Louis,IL,"Louis, IL",2789989.0,2795155.0,2796682.0,2799472.0,2803430.0,2807503.0,2805502.0,2805758.0,2803958.0,2803228.0
Salem,OR,"Salem, OR",391479.0,393978.0,396076.0,398015.0,402092.0,408022.0,416818.0,424242.0,430404.0,433903.0
Salinas,CA,"Salinas, CA",416373.0,420456.0,424788.0,426712.0,428475.0,430552.0,433953.0,434534.0,433950.0,434061.0
Salisbury,MD,"Salisbury, MD",374821.0,378196.0,381216.0,384567.0,388766.0,393526.0,398676.0,404155.0,409999.0,415726.0
Salt Lake City,UT,"Salt Lake City, UT",1091478.0,1106800.0,1123748.0,1140025.0,1151447.0,1164912.0,1184721.0,1204205.0,1218681.0,1232696.0
San Angelo,TX,"San Angelo, TX",113422.0,114513.0,116071.0,117519.0,119233.0,120390.0,120535.0,120365.0,120834.0,122027.0
San Antonio,TX,"San Antonio, TX",2153009.0,2193923.0,2236981.0,2280002.0,2328894.0,2379232.0,2426276.0,2472121.0,2512379.0,2550960.0
New Braunfels,TX,"New Braunfels, TX",2153009.0,2193923.0,2236981.0,2280002.0,2328894.0,2379232.0,2426276.0,2472121.0,2512379.0,2550960.0
San Diego,CA,"San Diego, CA",3103212.0,3137156.0,3174335.0,3209768.0,3248877.0,3280850.0,3306089.0,3321237.0,3333861.0,3338330.0
Chula Vista,CA,"Chula Vista, CA",3103212.0,3137156.0,3174335.0,3209768.0,3248877.0,3280850.0,3306089.0,3321237.0,3333861.0,3338330.0
Carlsbad,CA,"Carlsbad, CA",3103212.0,3137156.0,3174335.0,3209768.0,3248877.0,3280850.0,3306089.0,3321237.0,3333861.0,3338330.0
Oakland,CA,"Oakland, CA",2565526.0,2596355.0,2631312.0,2672994.0,2716668.0,2758943.0,2788218.0,2805731.0,2817275.0,2824855.0
Berkeley,CA,"Berkeley, CA",2565526.0,2596355.0,2631312.0,2672994.0,2716668.0,2758943.0,2788218.0,2805731.0,2817275.0,2824855.0
Livermore,CA,"Livermore, CA",2565526.0,2596355.0,2631312.0,2672994.0,2716668.0,2758943.0,2788218.0,2805731.0,2817275.0,2824855.0
San Francisco,CA,"San Francisco, CA",1525204.0,1543994.0,1568100.0,1588233.0,1607954.0,1628065.0,1639418.0,1646941.0,1649377.0,1648122.0
San Mateo,CA,"San Mateo, CA",1525204.0,1543994.0,1568100.0,1588233.0,1607954.0,1628065.0,1639418.0,1646941.0,1649377.0,1648122.0
Redwood City,CA,"Redwood City, CA",1525204.0,1543994.0,1568100.0,1588233.0,1607954.0,1628065.0,1639418.0,1646941.0,1649377.0,1648122.0
San Rafael,CA,"San Rafael, CA",252904.0,255376.0,256061.0,258409.0,260359.0,260916.0,260562.0,259749.0,259662.0,258826.0
San Jose,CA,"San Jose, CA",1841556.0,1868031.0,1894452.0,1923664.0,1949578.0,1974501.0,1987593.0,1992674.0,1993804.0,1990660.0
Sunnyvale,CA,"Sunnyvale, CA",1841556.0,1868031.0,1894452.0,1923664.0,1949578.0,1974501.0,1987593.0,1992674.0,1993804.0,1990660.0
Santa Clara,CA,"Santa Clara, CA",1841556.0,1868031.0,1894452.0,1923664.0,1949578.0,1974501.0,1987593.0,1992674.0,1993804.0,1990660.0
San Luis Obispo,CA,"San Luis Obispo, CA",269802.0,271058.0,274160.0,275696.0,278227.0,280077.0,281803.0,282481.0,283354.0,283111.0
Paso Robles,CA,"Paso Robles, CA",269802.0,271058.0,274160.0,275696.0,278227.0,280077.0,281803.0,282481.0,283354.0,283111.0
Santa Cruz,CA,"Santa Cruz, CA",263147.0,264858.0,266340.0,268816.0,270861.0,273503.0,274396.0,274856.0,273841.0,273213.0
Watsonville,CA,"Watsonville, CA",263147.0,264858.0,266340.0,268816.0,270861.0,273503.0,274396.0,274856.0,273841.0,273213.0
Santa Fe,NM,"Santa Fe, NM",144522.0,145847.0,146722.0,147465.0,147782.0,148098.0,148758.0,149491.0,149761.0,150358.0
Santa Maria,CA,"Santa Maria, CA",424231.0,425453.0,429699.0,434601.0,439045.0,442229.0,444340.0,445298.0,445780.0,446499.0
Santa Barbara,CA,"Santa Barbara, CA",424231.0,425453.0,429699.0,434601.0,439045.0,442229.0,444340.0,445298.0,445780.0,446499.0
Santa Rosa,CA,"Santa Rosa, CA",484755.0,487421.0,489993.0,494073.0,498560.0,500863.0,502547.0,502469.0,498643.0,494336.0
Petaluma,CA,"Petaluma, CA",484755.0,487421.0,489993.0,494073.0,498560.0,500863.0,502547.0,502469.0,498643.0,494336.0
Savannah,GA,"Savannah, GA",348640.0,355582.0,361745.0,365103.0,371275.0,377827.0,383153.0,386394.0,389453.0,393353.0
Scranton,PA,"Scranton, PA",563740.0,563676.0,563704.0,561495.0,560146.0,557734.0,555722.0,555655.0,555215.0,553885.0
Wilkes,PA,"Wilkes, PA",563740.0,563676.0,563704.0,561495.0,560146.0,557734.0,555722.0,555655.0,555215.0,553885.0
Barre,PA,"Barre, PA",563740.0,563676.0,563704.0,561495.0,560146.0,557734.0,555722.0,555655.0,555215.0,553885.0
Seattle,WA,"Seattle, WA",2653851.0,2696268.0,2743294.0,2791335.0,2842464.0,2895876.0,2953460.0,3005925.0,3041423.0,3074865.0
Bellevue,WA,"Bellevue, WA",2653851.0,2696268.0,2743294.0,2791335.0,2842464.0,2895876.0,2953460.0,3005925.0,3041423.0,3074865.0
Kent,WA,"Kent, WA",2653851.0,2696268.0,2743294.0,2791335.0,2842464.0,2895876.0,2953460.0,3005925.0,3041423.0,3074865.0
Tacoma,WA,"Tacoma, WA",795390.0,807623.0,815535.0,821012.0,832696.0,843778.0,862895.0,879654.0,893756.0,904980.0
Lakewood,WA,"Lakewood, WA",795390.0,807623.0,815535.0,821012.0,832696.0,843778.0,862895.0,879654.0,893756.0,904980.0
Sebastian,FL,"Sebastian, FL",138270.0,139103.0,140473.0,141895.0,144445.0,147434.0,151159.0,154241.0,157187.0,159923.0
Vero Beach,FL,"Vero Beach, FL",138270.0,139103.0,140473.0,141895.0,144445.0,147434.0,151159.0,154241.0,157187.0,159923.0
Sebring,FL,"Sebring, FL",98635.0,98477.0,98222.0,98077.0,98584.0,100137.0,102041.0,103852.0,104933.0,106221.0
Avon Park,FL,"Avon Park, FL",98635.0,98477.0,98222.0,98077.0,98584.0,100137.0,102041.0,103852.0,104933.0,106221.0
Sheboygan,WI,"Sheboygan, WI",115524.0,115208.0,114767.0,114697.0,114982.0,115196.0,115030.0,115089.0,115233.0,115340.0
Sherman,TX,"Sherman, TX",121034.0,121430.0,121854.0,122362.0,123599.0,125628.0,128291.0,131152.0,133787.0,136212.0
Denison,TX,"Denison, TX",121034.0,121430.0,121854.0,122362.0,123599.0,125628.0,128291.0,131152.0,133787.0,136212.0
Shreveport,LA,"Shreveport, LA",399935.0,403880.0,407435.0,406237.0,404534.0,404000.0,401947.0,400161.0,397281.0,394706.0
Bossier City,LA,"Bossier City, LA",399935.0,403880.0,407435.0,406237.0,404534.0,404000.0,401947.0,400161.0,397281.0,394706.0
Sierra Vista,AZ,"Sierra Vista, AZ",131822.0,133097.0,132017.0,129578.0,127314.0,126454.0,125686.0,124864.0,126411.0,125922.0
Douglas,AZ,"Douglas, AZ",131822.0,133097.0,132017.0,129578.0,127314.0,126454.0,125686.0,124864.0,126411.0,125922.0
Sioux City,IA,"Sioux City, IA",143901.0,144171.0,143723.0,143623.0,143590.0,143736.0,143844.0,143165.0,143787.0,144701.0
Sioux City,NE,"Sioux City, NE",143901.0,144171.0,143723.0,143623.0,143590.0,143736.0,143844.0,143165.0,143787.0,144701.0
Sioux City,SD,"Sioux City, SD",143901.0,144171.0,143723.0,143623.0,143590.0,143736.0,143844.0,143165.0,143787.0,144701.0
Sioux Falls,SD,"Sioux Falls, SD",229099.0,232150.0,237032.0,241772.0,246133.0,250012.0,254602.0,260083.0,263810.0,268232.0
South Bend,IN,"South Bend, IN",319044.0,318884.0,318296.0,318639.0,319410.0,319703.0,321144.0,321538.0,322697.0,323613.0
South Bend,MI,"South Bend, MI",319044.0,318884.0,318296.0,318639.0,319410.0,319703.0,321144.0,321538.0,322697.0,323613.0
Mishawaka,IN,"Mishawaka, IN",319044.0,318884.0,318296.0,318639.0,319410.0,319703.0,321144.0,321538.0,322697.0,323613.0
Mishawaka,MI,"Mishawaka, MI",319044.0,318884.0,318296.0,318639.0,319410.0,319703.0,321144.0,321538.0,322697.0,323613.0
Spartanburg,SC,"Spartanburg, SC",284731.0,286102.0,288176.0,290414.0,292981.0,296558.0,300867.0,306740.0,314137.0,319785.0
Spokane,WA,"Spokane, WA",515553.0,516889.0,518930.0,521603.0,526336.0,532163.0,541030.0,550259.0,558827.0,568521.0
Spokane Valley,WA,"Spokane Valley, WA",515553.0,516889.0,518930.0,521603.0,526336.0,532163.0,541030.0,550259.0,558827.0,568521.0
Springfield,IL,"Springfield, IL",210465.0,211736.0,212095.0,211713.0,211692.0,211254.0,210424.0,209365.0,207928.0,206868.0
Springfield,MA,"Springfield, MA",694935.0,698017.0,699061.0,699964.0,701671.0,700688.0,699804.0,699387.0,700138.0,697382.0
Springfield,MO,"Springfield, MO",437349.0,440432.0,444329.0,448427.0,451556.0,455593.0,457917.0,462090.0,466273.0,470300.0
Springfield,OH,"Springfield, OH",138274.0,137811.0,137171.0,136638.0,136311.0,135746.0,134723.0,134549.0,134528.0,134083.0
State College,PA,"State College, PA",154230.0,155067.0,155826.0,158231.0,159653.0,160466.0,162034.0,162316.0,162601.0,162385.0
Staunton,VA,"Staunton, VA",118314.0,118774.0,118463.0,119110.0,119469.0,120019.0,120747.0,121744.0,122628.0,123120.0
Stockton,CA,"Stockton, CA",687127.0,694354.0,699593.0,702046.0,711579.0,722271.0,732809.0,743296.0,752491.0,762148.0
Sumter,SC,"Sumter, SC",142555.0,142018.0,142126.0,142007.0,141877.0,141180.0,141334.0,140443.0,140151.0,140466.0
Syracuse,NY,"Syracuse, NY",663110.0,662482.0,660902.0,661773.0,660085.0,657648.0,654391.0,651164.0,650281.0,648593.0
Tallahassee,FL,"Tallahassee, FL",369345.0,371246.0,375272.0,373187.0,375356.0,377602.0,378672.0,383173.0,384318.0,387227.0
Petersburg,FL,"Petersburg, FL",2788366.0,2813269.0,2843636.0,2880536.0,2927395.0,2983928.0,3048963.0,3106922.0,3154649.0,3194831.0
Clearwater,FL,"Clearwater, FL",2788366.0,2813269.0,2843636.0,2880536.0,2927395.0,2983928.0,3048963.0,3106922.0,3154649.0,3194831.0
Terre Haute,IN,"Terre Haute, IN",189523.0,189541.0,189555.0,189089.0,188240.0,187365.0,187241.0,186846.0,186726.0,186367.0
Texarkana,TX,"Texarkana, TX",149332.0,149515.0,149609.0,149509.0,149229.0,149244.0,149543.0,149567.0,149347.0,148761.0
The Villages,FL,"The Villages, FL",94278.0,97975.0,101669.0,106898.0,112236.0,117076.0,122009.0,124995.0,128719.0,132420.0
Toledo,OH,"Toledo, OH",651372.0,650166.0,648750.0,648403.0,647228.0,645973.0,645441.0,644364.0,643089.0,641816.0
Topeka,KS,"Topeka, KS",234266.0,234696.0,234407.0,233838.0,233717.0,233520.0,233139.0,232994.0,232266.0,231969.0
Trenton,NJ,"Trenton, NJ",367713.0,367378.0,368554.0,369429.0,368909.0,368124.0,367699.0,368168.0,368188.0,367430.0
Princeton,NJ,"Princeton, NJ",367713.0,367378.0,368554.0,369429.0,368909.0,368124.0,367699.0,368168.0,368188.0,367430.0
Tucson,AZ,"Tucson, AZ",981620.0,988381.0,993052.0,997127.0,1004229.0,1009103.0,1016707.0,1026391.0,1036554.0,1047279.0
Tulsa,OK,"Tulsa, OK",939833.0,945750.0,952484.0,961904.0,969421.0,980926.0,988706.0,991330.0,993135.0,998626.0
Tuscaloosa,AL,"Tuscaloosa, AL",239481.0,240363.0,242328.0,244378.0,246988.0,249066.0,250099.0,250933.0,251257.0,252047.0
Twin Falls,ID,"Twin Falls, ID",99987.0,100620.0,101128.0,102662.0,103912.0,105216.0,107252.0,109142.0,110095.0,111290.0
Tyler,TX,"Tyler, TX",210408.0,212764.0,214811.0,216475.0,219642.0,222390.0,225161.0,227195.0,229749.0,232751.0
Honolulu,HI,"Honolulu, HI",956285.0,967336.0,977994.0,986059.0,987414.0,991064.0,992268.0,986353.0,979858.0,974563.0
Utica,NY,"Utica, NY",299226.0,298604.0,297992.0,297230.0,295982.0,293916.0,292811.0,292174.0,291187.0,289990.0
Rome,NY,"Rome, NY",299226.0,298604.0,297992.0,297230.0,295982.0,293916.0,292811.0,292174.0,291187.0,289990.0
Valdosta,GA,"Valdosta, GA",140054.0,142007.0,144121.0,142937.0,143433.0,143311.0,144471.0,145360.0,146143.0,147292.0
Vallejo,CA,"Vallejo, CA",413967.0,416342.0,419674.0,423659.0,429006.0,433409.0,438858.0,443511.0,445725.0,447643.0
Victoria,TX,"Victoria, TX",94102.0,94765.0,96447.0,97518.0,98548.0,99649.0,99914.0,99597.0,99466.0,99742.0
Vineland,NJ,"Vineland, NJ",156699.0,157043.0,156934.0,156098.0,156009.0,154712.0,153233.0,151423.0,150635.0,149527.0
Bridgeton,NJ,"Bridgeton, NJ",156699.0,157043.0,156934.0,156098.0,156009.0,154712.0,153233.0,151423.0,150635.0,149527.0
Virginia Beach,VA,"Virginia Beach, VA",1717036.0,1723208.0,1734121.0,1741366.0,1750937.0,1756340.0,1758763.0,1760926.0,1763713.0,1768901.0
Virginia Beach,NC,"Virginia Beach, NC",1717036.0,1723208.0,1734121.0,1741366.0,1750937.0,1756340.0,1758763.0,1760926.0,1763713.0,1768901.0
Norfolk,VA,"Norfolk, VA",1717036.0,1723208.0,1734121.0,1741366.0,1750937.0,1756340.0,1758763.0,1760926.0,1763713.0,1768901.0
Norfolk,NC,"Norfolk, NC",1717036.0,1723208.0,1734121.0,1741366.0,1750937.0,1756340.0,1758763.0,1760926.0,1763713.0,1768901.0
Newport News,VA,"Newport News, VA",1717036.0,1723208.0,1734121.0,1741366.0,1750937.0,1756340.0,1758763.0,1760926.0,1763713.0,1768901.0
Newport News,NC,"Newport News, NC",1717036.0,1723208.0,1734121.0,1741366.0,1750937.0,1756340.0,1758763.0,1760926.0,1763713.0,1768901.0
Visalia,CA,"Visalia, CA",442969.0,446784.0,449779.0,452460.0,455138.0,457161.0,459235.0,462308.0,464589.0,466195.0
Waco,TX,"Waco, TX",253808.0,255700.0,256938.0,258685.0,260376.0,262660.0,264829.0,268971.0,271427.0,273920.0
Walla Walla,WA,"Walla Walla, WA",58915.0,59444.0,59329.0,59361.0,59510.0,59932.0,60008.0,60512.0,60615.0,60760.0
Warner Robins,GA,"Warner Robins, GA",168508.0,171561.0,173592.0,174689.0,175717.0,176293.0,178507.0,180163.0,182886.0,185409.0
Frederick,MD,"Frederick, MD",1209820.0,1228469.0,1244724.0,1256301.0,1267998.0,1277815.0,1285845.0,1297444.0,1303421.0,1310235.0
Gaithersburg,MD,"Gaithersburg, MD",1209820.0,1228469.0,1244724.0,1256301.0,1267998.0,1277815.0,1285845.0,1297444.0,1303421.0,1310235.0
Rockville,MD,"Rockville, MD",1209820.0,1228469.0,1244724.0,1256301.0,1267998.0,1277815.0,1285845.0,1297444.0,1303421.0,1310235.0
Washington,DC,"Washington, DC",4468671.0,4553850.0,4634218.0,4707011.0,4763947.0,4816135.0,4863456.0,4913897.0,4944420.0,4970252.0
Washington,VA,"Washington, VA",4468671.0,4553850.0,4634218.0,4707011.0,4763947.0,4816135.0,4863456.0,4913897.0,4944420.0,4970252.0
Washington,MD,"Washington, MD",4468671.0,4553850.0,4634218.0,4707011.0,4763947.0,4816135.0,4863456.0,4913897.0,4944420.0,4970252.0
Washington,WV,"Washington, WV",4468671.0,4553850.0,4634218.0,4707011.0,4763947.0,4816135.0,4863456.0,4913897.0,4944420.0,4970252.0
Arlington,DC,"Arlington, DC",4468671.0,4553850.0,4634218.0,4707011.0,4763947.0,4816135.0,4863456.0,4913897.0,4944420.0,4970252.0
Arlington,VA,"Arlington, VA",4468671.0,4553850.0,4634218.0,4707011.0,4763947.0,4816135.0,4863456.0,4913897.0,4944420.0,4970252.0
Arlington,MD,"Arlington, MD",4468671.0,4553850.0,4634218.0,4707011.0,4763947.0,4816135.0,4863456.0,4913897.0,4944420.0,4970252.0
Arlington,WV,"Arlington, WV",4468671.0,4553850.0,4634218.0,4707011.0,4763947.0,4816135.0,4863456.0,4913897.0,4944420.0,4970252.0
Alexandria,DC,"Alexandria, DC",4468671.0,4553850.0,4634218.0,4707011.0,4763947.0,4816135.0,4863456.0,4913897.0,4944420.0,4970252.0
Alexandria,VA,"Alexandria, VA",4468671.0,4553850.0,4634218.0,4707011.0,4763947.0,4816135.0,4863456.0,4913897.0,4944420.0,4970252.0
Alexandria,MD,"Alexandria, MD",4468671.0,4553850.0,4634218.0,4707011.0,4763947.0,4816135.0,4863456.0,4913897.0,4944420.0,4970252.0
Alexandria,WV,"Alexandria, WV",4468671.0,4553850.0,4634218.0,4707011.0,4763947.0,4816135.0,4863456.0,4913897.0,4944420.0,4970252.0
Waterloo,IA,"Waterloo, IA",167920.0,168443.0,168811.0,169853.0,170450.0,170852.0,170110.0,169359.0,168936.0,168522.0
Cedar Falls,IA,"Cedar Falls, IA",167920.0,168443.0,168811.0,169853.0,170450.0,170852.0,170110.0,169359.0,168936.0,168522.0
Watertown,NY,"Watertown, NY",116592.0,117752.0,120235.0,118490.0,117971.0,116371.0,112980.0,113157.0,111866.0,109834.0
Fort Drum,NY,"Fort Drum, NY",116592.0,117752.0,120235.0,118490.0,117971.0,116371.0,112980.0,113157.0,111866.0,109834.0
Wausau,WI,"Wausau, WI",162829.0,162844.0,162870.0,163189.0,163241.0,163181.0,162935.0,163203.0,163094.0,163285.0
Weston,WI,"Weston, WI",162829.0,162844.0,162870.0,163189.0,163241.0,163181.0,162935.0,163203.0,163094.0,163285.0
Weirton,WV,"Weirton, WV",124329.0,123482.0,122680.0,122139.0,121507.0,120665.0,119269.0,118074.0,116982.0,116074.0
Weirton,OH,"Weirton, OH",124329.0,123482.0,122680.0,122139.0,121507.0,120665.0,119269.0,118074.0,116982.0,116074.0
Steubenville,WV,"Steubenville, WV",124329.0,123482.0,122680.0,122139.0,121507.0,120665.0,119269.0,118074.0,116982.0,116074.0
Steubenville,OH,"Steubenville, OH",124329.0,123482.0,122680.0,122139.0,121507.0,120665.0,119269.0,118074.0,116982.0,116074.0
Wenatchee,WA,"Wenatchee, WA",111264.0,111876.0,112669.0,113110.0,113894.0,115586.0,117221.0,118325.0,119501.0,120629.0
Wheeling,WV,"Wheeling, WV",147899.0,147260.0,146527.0,145938.0,144968.0,144157.0,142955.0,141255.0,140059.0,138948.0
Wichita,KS,"Wichita, KS",623887.0,625327.0,628159.0,630365.0,632810.0,635551.0,637653.0,637511.0,637519.0,640218.0
Wichita Falls,TX,"Wichita Falls, TX",151649.0,150311.0,151040.0,151448.0,151867.0,150083.0,150327.0,150956.0,150955.0,151254.0
Williamsport,PA,"Williamsport, PA",116225.0,116748.0,117222.0,116598.0,116290.0,115598.0,114876.0,114012.0,113866.0,113299.0
Wilmington,NC,"Wilmington, NC",255699.0,259141.0,262759.0,267700.0,271863.0,276848.0,283580.0,289447.0,294273.0,297533.0
Winchester,VA,"Winchester, VA",128652.0,129954.0,130910.0,132278.0,133526.0,134284.0,135739.0,138020.0,139492.0,140566.0
Winston,NC,"Winston, NC",641245.0,644266.0,646794.0,649901.0,653250.0,656277.0,661024.0,666640.0,671129.0,676008.0
Salem,NC,"Salem, NC",641245.0,644266.0,646794.0,649901.0,653250.0,656277.0,661024.0,666640.0,671129.0,676008.0
Worcester,MA,"Worcester, MA",918935.0,922378.0,924856.0,928346.0,932278.0,934604.0,936422.0,942147.0,946113.0,947404.0
Yakima,WA,"Yakima, WA",244256.0,245926.0,246127.0,246485.0,246870.0,247800.0,249327.0,249922.0,250562.0,250873.0
York,PA,"York, PA",435413.0,436701.0,437466.0,438932.0,440475.0,441741.0,443693.0,445484.0,447847.0,449058.0
Hanover,PA,"Hanover, PA",435413.0,436701.0,437466.0,438932.0,440475.0,441741.0,443693.0,445484.0,447847.0,449058.0
Youngstown,OH,"Youngstown, OH",564826.0,562347.0,558530.0,555850.0,553039.0,548798.0,544582.0,541545.0,538226.0,536081.0
Youngstown,PA,"Youngstown, PA",564826.0,562347.0,558530.0,555850.0,553039.0,548798.0,544582.0,541545.0,538226.0,536081.0
Warren,OH,"Warren, OH",564826.0,562347.0,558530.0,555850.0,553039.0,548798.0,544582.0,541545.0,538226.0,536081.0
Warren,PA,"Warren, PA",564826.0,562347.0,558530.0,555850.0,553039.0,548798.0,544582.0,541545.0,538226.0,536081.0
Boardman,OH,"Boardman, OH",564826.0,562347.0,558530.0,555850.0,553039.0,548798.0,544582.0,541545.0,538226.0,536081.0
Boardman,PA,"Boardman, PA",564826.0,562347.0,558530.0,555850.0,553039.0,548798.0,544582.0,541545.0,538226.0,536081.0
Yuba City,CA,"Yuba City, CA",167099.0,166971.0,166963.0,167597.0,168311.0,169327.0,170694.0,172782.0,173905.0,175639.0
Yuma,AZ,"Yuma, AZ",197127.0,202841.0,202475.0,202420.0,204054.0,205186.0,207247.0,209507.0,211612.0,213787.0
Athens,OH,"Athens, OH",65175.0,65079.0,64610.0,64594.0,64783.0,65886.0,66352.0,66503.0,65519.0,65327.0
Muskogee,OK,"Muskogee, OK",39223.0,39073.0,39045.0,39073.0,38937.0,38776.0,38605.0,38139.0,37900.0,37624.0
Winona,MN,"Winona, MN",51461.0,51355.0,51343.0,51332.0,51059.0,50827.0,50861.0,50718.0,50735.0,50484.0
Texarkana,AR,"Texarkana, AR",29919.0,29876.0,29972.0,30013.0,30015.0,30127.0,30155.0,30120.0,30104.0,29901.0
Manitowoc,WI,"Manitowoc, WI",81329.0,81038.0,80726.0,80485.0,79951.0,79483.0,79348.0,79099.0,79015.0,78981.0
Clinton,IA,"Clinton, IA",49097.0,49102.0,49097.0,48281.0,47895.0,47558.0,47248.0,46874.0,46874.0,46429.0
Lodi,CA,"Lodi, CA",62134.0,62354.0,62475.0,62703.0,63158.0,63589.0,63842.0,64403.0,65006.0,65846.0
Minneapolis,MN,"Minneapolis, MN",382578.0,381833.0,385023.0,389112.0,394424.0,399950.0,404670.0,411452.0,416021.0,420324.0
Tampa,FL,"Tampa, FL",335709.0,336171.0,339391.0,343768.0,348934.0,355603.0,361477.0,361477.0,376345.0,387916.0
Niagra Falls,NY,"Niagara Falls, NY",50193.0,50570.0,50214.0,49920.0,49679.0,49435.0,49435.0,48976.0,48661.0,48252.0
Mauldin,SC,"Mauldin, SC",22889.0,32227.0,22849.0,22849.0,23985.0,24396.0,24396.0,24396.0,24396.0,24396.0
Juneau,AK,"Juneau, AK",31276.0,31244.0,31636.0,31897.0,32200.0,32531.0,32524.0,32434.0,32330.0,32227.0
Muscatine,IA,"Muscatine, IA",42745.0,42842.0,42916.0,43010.0,43028.0,43068.0,42968.0,42872.0,42874.0,42664.0
Holland,MI,"Holland, MI",33051.0,33503.0,33307.0,33281.0,33342.0,33526.0,33581.0,33488.0,33503.0,33402.0
Elko,NV,"Elko, NV",49085.0,49442.0,50969.0,52334.0,52531.0,51728.0,52082.0,52357.0,52539.0,52778.0
Wyoming,MI,"Wyoming, MI",72125.0,72100.0,72408.0,72864.0,73434.0,74105.0,74692.0,75124.0,75532.0,75702.0
Redmond,OR,"Redmond, OR",26215.0,25677.0,26186.0,26583.0,27002.0,27450.0,27998.0,28492.0,29234.0,30167.0
Arroyo Grande,CA,"Arroyo Grande, CA",17252.0,17132.0,17284.0,17411.0,17536.0,17720.0,17842.0,17971.0,18039.0,18033.0
Sheridan,WY,"Sheridan, WY",29144.0,29251.0,29524.0,29733.0,29852.0,29852.0,29964.0,30147.0,30219.0,30485.0
Porterville,CA,"Porterville, CA",54165.0,53531.0,53531.0,54534.0,54534.0,55218.0,58472.0,58782.0,59797.0,59797.0
Brookings,SD,"Brookings, SD",22056.0,21767.0,22065.0,22356.0,22645.0,22974.0,23292.0,23471.0,23863.0,24108.0
Fairfield,CA,"Fairfield, CA",105321.0,104404.0,105407.0,106533.0,107983.0,109468.0,110953.0,112790.0,114101.0,115282.0
Scottsdale,AZ,"Scottsdale, AZ",258069.0,219311.0,219867.0,221283.0,223519.0,227471.0,234495.0,239283.0,246026.0,250602.0
Pascagoula,MS,"Pascagoula, MS",22392.0,22765.0,22523.0,22372.0,22239.0,22230.0,234495.0,21935.0,21865.0,21809.0
