RegionID,RegionName,2014-01,2014-02,2014-03,2014-04,2014-05,2014-06,2014-07,2014-08,2014-09,2014-10,2014-11,2014-12,2015-01,2015-02,2015-03,2015-04,2015-05,2015-06,2015-07,2015-08,2015-09,2015-10,2015-11,2015-12,2016-01,2016-02,2016-03,2016-04,2016-05,2016-06,2016-07,2016-08,2016-09,2016-10,2016-11,2016-12,2017-01,2017-02,2017-03,2017-04,2017-05,2017-06,2017-07,2017-08,2017-09,2017-10,2017-11,2017-12,2018-01,2018-02,2018-03,2018-04,2018-05,2018-06,2018-07,2018-08,2018-09,2018-10,2018-11,2018-12,2019-01,2019-02,2019-03,2019-04,2019-05,2019-06,2019-07,2019-08,2019-09,2019-10,2019-11,2019-12,2020-01,2020-02,2020-03,2020-04,2020-05,2020-06,2020-07,2020-08,2020-09,2020-10,2020-11,2020-12,2021-01,2021-02
394913,"New York, NY",2282.0,2300.0,2304.0,2336.0,2370.0,2392,2406,2415,2416,2415.0,2414,2413.0,2418,2430,2449,2479,2492,2510,2520,2522,2530,2530,2520,2516,2516,2520,2529,2556,2570,2582,2566,2578,2581,2576,2574,2561,2566,2566,2577,2595,2610,2619,2628,2622,2637,2618,2599,2594,2585,2595,2606,2626,2641,2657,2666,2668,2669,2659,2648,2642,2645.0,2655.0,2669,2675,2705,2730,2739,2743,2734,2735,2712,2702,2704,2728,2738,2722,2712,2696,2666,2601,2551,2496,2472,2451,2472,2471
753899,"Los Angeles, CA",1735.0,1761.0,1767.0,1794.0,1832.0,1863,1888,1904,1909,1918.0,1926,1927.0,1938,1945,1961,1978,1991,2002,2018,2032,2045,2048,2060,2065,2077,2089,2102,2120,2140,2150,2153,2168,2176,2184,2182,2189,2193,2207,2219,2237,2251,2260,2272,2281,2284,2286,2287,2288,2298,2308,2315,2329,2338,2357,2363,2373,2378,2389,2395,2396,2396.0,2405.0,2412,2421,2428,2443,2455,2462,2465,2462,2463,2473,2487,2492,2489,2468,2452,2458,2457,2452,2449,2451,2464,2459,2463,2472
753899,"Long Beach, CA",1735.0,1761.0,1767.0,1794.0,1832.0,1863,1888,1904,1909,1918.0,1926,1927.0,1938,1945,1961,1978,1991,2002,2018,2032,2045,2048,2060,2065,2077,2089,2102,2120,2140,2150,2153,2168,2176,2184,2182,2189,2193,2207,2219,2237,2251,2260,2272,2281,2284,2286,2287,2288,2298,2308,2315,2329,2338,2357,2363,2373,2378,2389,2395,2396,2396.0,2405.0,2412,2421,2428,2443,2455,2462,2465,2462,2463,2473,2487,2492,2489,2468,2452,2458,2457,2452,2449,2451,2464,2459,2463,2472
753899,"Anaheim, CA",1735.0,1761.0,1767.0,1794.0,1832.0,1863,1888,1904,1909,1918.0,1926,1927.0,1938,1945,1961,1978,1991,2002,2018,2032,2045,2048,2060,2065,2077,2089,2102,2120,2140,2150,2153,2168,2176,2184,2182,2189,2193,2207,2219,2237,2251,2260,2272,2281,2284,2286,2287,2288,2298,2308,2315,2329,2338,2357,2363,2373,2378,2389,2395,2396,2396.0,2405.0,2412,2421,2428,2443,2455,2462,2465,2462,2463,2473,2487,2492,2489,2468,2452,2458,2457,2452,2449,2451,2464,2459,2463,2472
394463,"Chicago, IL",1413.0,1423.0,1426.0,1442.0,1464.0,1480,1489,1492,1489,1482.0,1479,1476.0,1482,1487,1477,1488,1509,1526,1534,1540,1536,1528,1521,1521,1528,1536,1547,1563,1575,1586,1590,1589,1580,1569,1561,1557,1554,1568,1581,1594,1608,1617,1622,1615,1607,1593,1585,1586,1590,1600,1611,1622,1636,1646,1650,1648,1638,1626,1620,1619,1627.0,1636.0,1650,1665,1678,1686,1692,1694,1685,1677,1670,1668,1676,1684,1693,1689,1690,1691,1685,1672,1654,1636,1628,1624,1622,1634
394514,"Dallas, TX",1134.0,1127.0,1137.0,1154.0,1174.0,1190,1198,1203,1205,1202.0,1203,1206.0,1207,1214,1227,1237,1247,1257,1263,1267,1266,1264,1268,1262,1265,1278,1289,1301,1312,1325,1330,1333,1332,1335,1333,1332,1334,1339,1349,1356,1367,1378,1384,1384,1381,1380,1379,1379,1383,1389,1395,1403,1409,1421,1425,1422,1420,1422,1431,1427,1430.0,1438.0,1443,1455,1465,1475,1479,1479,1476,1478,1475,1476,1481,1487,1491,1485,1480,1485,1491,1489,1491,1492,1505,1510,1507,1519
394514,"Fort Worth, TX",1134.0,1127.0,1137.0,1154.0,1174.0,1190,1198,1203,1205,1202.0,1203,1206.0,1207,1214,1227,1237,1247,1257,1263,1267,1266,1264,1268,1262,1265,1278,1289,1301,1312,1325,1330,1333,1332,1335,1333,1332,1334,1339,1349,1356,1367,1378,1384,1384,1381,1380,1379,1379,1383,1389,1395,1403,1409,1421,1425,1422,1420,1422,1431,1427,1430.0,1438.0,1443,1455,1465,1475,1479,1479,1476,1478,1475,1476,1481,1487,1491,1485,1480,1485,1491,1489,1491,1492,1505,1510,1507,1519
394974,"Philadelphia, PA",1287.0,1263.0,1283.0,1296.0,1315.0,1325,1335,1339,1338,1333.0,1327,1311.0,1326,1329,1342,1351,1361,1366,1373,1371,1370,1371,1369,1368,1365,1374,1384,1396,1404,1409,1416,1409,1410,1409,1414,1415,1411,1415,1423,1431,1435,1439,1439,1439,1438,1434,1432,1431,1430,1442,1452,1463,1476,1476,1480,1482,1481,1484,1486,1485,1489.0,1496.0,1506,1515,1521,1526,1534,1532,1532,1532,1537,1537,1538,1547,1555,1550,1543,1545,1550,1549,1555,1548,1562,1563,1571,1583
394692,"Houston, TX",1147.0,1136.0,1155.0,1191.0,1225.0,1246,1259,1268,1267,1269.0,1264,1267.0,1270,1276,1285,1294,1304,1311,1314,1316,1313,1304,1305,1304,1302,1306,1310,1315,1320,1324,1324,1319,1317,1312,1306,1304,1301,1303,1306,1308,1314,1317,1315,1314,1320,1329,1335,1341,1342,1348,1353,1359,1365,1369,1373,1372,1366,1359,1363,1358,1356.0,1359.0,1368,1375,1384,1390,1395,1394,1390,1383,1382,1387,1390,1392,1396,1391,1381,1383,1380,1381,1384,1378,1394,1393,1393,1391
395209,"Washington, DC",1748.0,1763.0,1763.0,1782.0,1820.0,1842,1857,1864,1868,1862.0,1848,1835.0,1843,1846,1856,1868,1878,1887,1891,1888,1886,1886,1888,1882,1884,1895,1904,1914,1924,1935,1911,1923,1924,1917,1913,1909,1917,1922,1929,1948,1960,1966,1970,1966,1956,1947,1936,1934,1934,1941,1947,1966,1984,1999,2008,2008,2001,1996,1993,1992,1992.0,2006.0,2016,2030,2046,2058,2062,2064,2059,2052,2041,2044,2053,2058,2068,2062,2053,2049,2042,2024,2006,1980,1990,1987,1979,1979
394856,"Miami, FL",1518.0,1512.0,1515.0,1525.0,1535.0,1544,1557,1569,1580,1586.0,1592,1595.0,1602,1615,1616,1619,1633,1640,1647,1660,1670,1676,1681,1685,1693,1704,1708,1708,1713,1714,1715,1720,1724,1726,1729,1731,1732,1732,1736,1737,1736,1738,1743,1746,1752,1758,1758,1761,1765,1771,1770,1776,1777,1785,1790,1798,1804,1808,1815,1815,1814.0,1820.0,1819,1822,1827,1827,1831,1838,1839,1847,1854,1861,1870,1874,1876,1865,1855,1854,1858,1862,1860,1867,1880,1890,1905,1937
394856,"Fort Lauderdale, FL",1518.0,1512.0,1515.0,1525.0,1535.0,1544,1557,1569,1580,1586.0,1592,1595.0,1602,1615,1616,1619,1633,1640,1647,1660,1670,1676,1681,1685,1693,1704,1708,1708,1713,1714,1715,1720,1724,1726,1729,1731,1732,1732,1736,1737,1736,1738,1743,1746,1752,1758,1758,1761,1765,1771,1770,1776,1777,1785,1790,1798,1804,1808,1815,1815,1814.0,1820.0,1819,1822,1827,1827,1831,1838,1839,1847,1854,1861,1870,1874,1876,1865,1855,1854,1858,1862,1860,1867,1880,1890,1905,1937
394347,"Atlanta, GA",1089.0,1101.0,1110.0,1111.0,1122.0,1136,1142,1146,1146,1145.0,1149,1151.0,1152,1158,1167,1177,1188,1199,1208,1211,1208,1207,1209,1210,1216,1224,1237,1250,1262,1274,1281,1286,1286,1290,1289,1288,1293,1299,1308,1316,1327,1339,1348,1354,1357,1351,1352,1354,1360,1366,1380,1389,1403,1412,1420,1427,1431,1433,1440,1444,1454.0,1460.0,1468,1479,1484,1493,1503,1508,1510,1506,1503,1505,1510,1519,1528,1521,1520,1528,1538,1550,1562,1570,1583,1587,1593,1615
394404,"Boston, MA",1977.0,2009.0,2001.0,2023.0,2039.0,2057,2073,2083,2072,2066.0,2037,2033.0,2041,2067,2090,2109,2126,2143,2148,2145,2140,2131,2120,2116,2140,2168,2185,2200,2220,2238,2234,2239,2228,2215,2197,2210,2233,2254,2265,2284,2296,2308,2315,2305,2283,2269,2265,2266,2293,2310,2326,2342,2361,2372,2380,2371,2353,2349,2342,2342,2361.0,2378.0,2395,2419,2441,2454,2455,2451,2432,2420,2415,2422,2444,2461,2478,2478,2460,2453,2432,2372,2315,2279,2270,2260,2280,2326
395057,"San Francisco, CA",2069.0,2105.0,2129.0,2146.0,2217.0,2287,2340,2392,2434,2464.0,2456,2477.0,2509,2549,2577,2599,2628,2670,2707,2731,2748,2745,2751,2757,2768,2784,2791,2819,2847,2866,2834,2857,2851,2841,2836,2821,2827,2833,2845,2871,2881,2917,2939,2946,2942,2920,2912,2907,2913,2919,2932,2955,2972,3000,3022,3035,3039,3020,3012,3021,3015.0,3029.0,3045,3057,3076,3104,3127,3126,3119,3104,3088,3095,3109,3116,3112,3109,3091,3079,3033,2972,2901,2861,2859,2831,2816,2831
394532,"Detroit, MI",972.0,974.0,975.0,986.0,996.0,1006,1011,1015,1016,1013.0,1012,1007.0,1005,1011,1020,1026,1031,1036,1042,1045,1049,1048,1045,1043,1046,1050,1053,1058,1065,1073,1080,1085,1080,1079,1075,1070,1076,1080,1084,1093,1103,1114,1119,1119,1117,1114,1113,1110,1115,1125,1131,1137,1145,1152,1157,1160,1160,1159,1160,1154,1157.0,1159.0,1167,1175,1185,1192,1195,1198,1194,1196,1192,1190,1190,1189,1199,1204,1214,1218,1223,1232,1241,1251,1251,1260,1264,1276
395025,"Riverside, CA",1402.0,1412.0,1417.0,1431.0,1442.0,1455,1461,1466,1477,1475.0,1484,1487.0,1491,1500,1507,1526,1527,1530,1539,1549,1555,1559,1564,1567,1571,1582,1589,1600,1604,1610,1618,1624,1634,1639,1648,1649,1657,1663,1677,1693,1700,1711,1719,1725,1726,1733,1743,1746,1748,1768,1777,1793,1801,1812,1819,1827,1835,1840,1837,1849,1855.0,1864.0,1867,1878,1887,1893,1903,1917,1927,1928,1934,1937,1952,1951,1958,1947,1951,1969,1989,2018,2055,2085,2097,2116,2128,2137
394976,"Phoenix, AZ",967.0,967.0,975.0,982.0,993.0,999,1002,1007,1008,1009.0,1012,1013.0,1016,1030,1043,1051,1059,1063,1067,1070,1074,1074,1076,1078,1083,1091,1102,1115,1122,1128,1131,1133,1136,1145,1154,1149,1148,1153,1160,1169,1177,1183,1189,1190,1191,1189,1191,1188,1196,1206,1221,1236,1247,1255,1265,1273,1276,1282,1289,1294,1294.0,1308.0,1320,1334,1347,1360,1367,1375,1374,1380,1391,1407,1417,1421,1423,1417,1418,1423,1434,1449,1464,1478,1506,1516,1534,1547
395078,"Seattle, WA",1312.0,1313.0,1318.0,1342.0,1387.0,1422,1440,1455,1456,1454.0,1449,1450.0,1464,1469,1487,1506,1521,1538,1551,1564,1577,1566,1564,1562,1572,1585,1608,1627,1658,1673,1671,1692,1697,1694,1685,1684,1693,1705,1726,1750,1774,1796,1811,1811,1799,1785,1772,1763,1769,1780,1796,1815,1836,1851,1860,1862,1850,1846,1839,1835,1839.0,1850.0,1871,1894,1916,1940,1947,1949,1939,1923,1917,1935,1955,1969,1981,1975,1967,1962,1962,1952,1915,1874,1873,1850,1839,1854
394865,"Minneapolis, MN",1180.0,1175.0,1188.0,1200.0,1223.0,1239,1256,1258,1259,1260.0,1243,1237.0,1241,1250,1264,1277,1289,1296,1301,1302,1295,1292,1302,1299,1299,1310,1320,1330,1345,1348,1354,1359,1357,1357,1362,1358,1366,1378,1387,1397,1400,1409,1413,1416,1414,1410,1408,1414,1420,1427,1439,1449,1456,1465,1471,1471,1470,1466,1466,1474,1478.0,1480.0,1495,1511,1522,1532,1532,1520,1525,1520,1526,1530,1538,1552,1557,1554,1548,1551,1547,1543,1539,1531,1559,1556,1537,1549
394865,"St Paul, MN",1180.0,1175.0,1188.0,1200.0,1223.0,1239,1256,1258,1259,1260.0,1243,1237.0,1241,1250,1264,1277,1289,1296,1301,1302,1295,1292,1302,1299,1299,1310,1320,1330,1345,1348,1354,1359,1357,1357,1362,1358,1366,1378,1387,1397,1400,1409,1413,1416,1414,1410,1408,1414,1420,1427,1439,1449,1456,1465,1471,1471,1470,1466,1466,1474,1478.0,1480.0,1495,1511,1522,1532,1532,1520,1525,1520,1526,1530,1538,1552,1557,1554,1548,1551,1547,1543,1539,1531,1559,1556,1537,1549
395056,"San Diego, CA",1646.0,1665.0,1663.0,1679.0,1719.0,1731,1743,1756,1759,1770.0,1782,1781.0,1797,1825,1830,1836,1848,1861,1873,1878,1887,1890,1887,1879,1895,1915,1926,1946,1971,1980,1978,1991,1999,1996,1996,2002,2004,2012,2035,2047,2065,2084,2094,2097,2100,2097,2090,2090,2106,2117,2123,2139,2168,2182,2193,2203,2201,2192,2200,2196,2196.0,2199.0,2206,2219,2235,2247,2261,2269,2272,2263,2262,2268,2280,2283,2283,2266,2270,2291,2294,2307,2319,2339,2349,2351,2376,2380
395121,"St. Louis, MO",914.0,906.0,906.0,909.0,918.0,926,933,936,935,937.0,929,926.0,932,937,945,947,953,955,952,956,958,957,957,957,957,964,969,972,981,983,986,982,983,984,981,981,981,986,990,995,997,999,1001,1001,999,1002,1000,998,1001,1003,1006,1014,1023,1025,1028,1030,1027,1024,1020,1020,1023.0,1028.0,1036,1045,1047,1053,1060,1061,1061,1059,1058,1058,1064,1068,1073,1082,1078,1084,1089,1092,1099,1101,1102,1107,1105,1110
395148,"Tampa, FL",1107.0,1108.0,1113.0,1116.0,1131.0,1142,1145,1148,1151,1152.0,1157,1157.0,1165,1172,1176,1180,1187,1195,1202,1207,1208,1213,1218,1219,1225,1232,1241,1252,1257,1264,1267,1273,1275,1274,1280,1281,1284,1289,1297,1306,1312,1319,1324,1322,1324,1329,1334,1339,1342,1351,1362,1374,1382,1390,1394,1395,1395,1394,1400,1400,1404.0,1415.0,1423,1431,1440,1446,1453,1456,1457,1455,1459,1466,1476,1482,1489,1482,1485,1493,1500,1510,1519,1531,1553,1559,1573,1593
394358,"Baltimore, MD",1388.0,1398.0,1406.0,1430.0,1454.0,1471,1487,1493,1495,1496.0,1490,1482.0,1480,1479,1491,1500,1505,1513,1518,1517,1517,1514,1505,1505,1508,1512,1515,1522,1530,1534,1536,1531,1524,1521,1514,1509,1513,1513,1522,1524,1541,1546,1546,1544,1535,1534,1533,1525,1523,1526,1535,1547,1557,1562,1562,1559,1555,1553,1551,1554,1554.0,1564.0,1574,1583,1592,1599,1603,1596,1593,1583,1580,1587,1597,1598,1597,1587,1592,1593,1596,1596,1600,1604,1611,1623,1628,1635
394530,"Denver, CO",1136.0,1117.0,1140.0,1168.0,1204.0,1246,1280,1302,1317,1329.0,1337,1334.0,1345,1359,1376,1396,1412,1428,1437,1443,1444,1448,1448,1451,1456,1469,1472,1486,1505,1514,1521,1522,1517,1503,1497,1495,1497,1503,1521,1537,1553,1567,1574,1575,1567,1556,1551,1553,1558,1566,1577,1591,1609,1620,1630,1634,1629,1622,1625,1625,1627.0,1635.0,1646,1659,1675,1691,1695,1694,1687,1679,1674,1678,1686,1694,1704,1690,1688,1690,1690,1688,1685,1675,1684,1684,1683,1697
394982,"Pittsburgh, PA",,956.0,1042.0,1010.0,1027.0,1035,1059,1074,1050,1031.0,1044,1026.0,1027,1038,1044,1059,1053,1064,1069,1076,1055,1049,1056,1038,1049,1060,1071,1077,1080,1084,1084,1073,1065,1069,1059,1062,1067,1078,1089,1093,1100,1098,1102,1093,1085,1077,1077,1079,1091,1102,1106,1115,1122,1122,1128,1128,1124,1128,1129,1136,1134.0,1136.0,1142,1149,1156,1162,1158,1164,1165,1165,1171,1177,1184,1184,1184,1185,1190,1195,1197,1191,1189,1189,1190,1194,1194,1205
394998,"Portland, OR",1125.0,1119.0,1128.0,1128.0,1153.0,1191,1216,1235,1239,1239.0,1237,1248.0,1252,1261,1275,1291,1312,1331,1351,1368,1377,1378,1375,1374,1379,1390,1409,1425,1442,1458,1466,1465,1466,1458,1452,1449,1454,1458,1469,1479,1492,1502,1507,1510,1511,1497,1491,1483,1484,1492,1501,1512,1529,1539,1550,1555,1554,1544,1541,1536,1537.0,1543.0,1558,1569,1583,1590,1603,1608,1605,1596,1593,1596,1602,1606,1608,1602,1604,1613,1620,1622,1626,1616,1616,1619,1617,1628
394458,"Charlotte, NC",1102.0,1107.0,1108.0,1115.0,1133.0,1147,1152,1155,1154,1155.0,1152,1157.0,1158,1160,1169,1182,1193,1203,1211,1219,1219,1214,1217,1219,1225,1236,1243,1253,1264,1271,1279,1283,1284,1286,1284,1278,1289,1288,1296,1309,1318,1329,1335,1337,1339,1323,1327,1327,1333,1340,1348,1358,1370,1382,1390,1393,1392,1390,1398,1402,1404.0,1413.0,1420,1429,1443,1454,1460,1459,1462,1461,1461,1460,1469,1473,1484,1466,1458,1467,1476,1476,1488,1491,1509,1515,1506,1514
395045,"Sacramento, CA",1187.0,1187.0,1189.0,1198.0,1209.0,1220,1237,1240,1245,1243.0,1242,1251.0,1259,1258,1271,1284,1294,1303,1315,1326,1337,1336,1325,1344,1354,1364,1377,1399,1413,1423,1433,1444,1439,1442,1459,1464,1465,1476,1488,1509,1529,1549,1553,1565,1576,1577,1573,1572,1578,1585,1596,1602,1627,1642,1649,1656,1653,1650,1653,1663,1663.0,1676.0,1690,1703,1712,1723,1727,1733,1735,1735,1737,1736,1737,1751,1759,1757,1760,1779,1796,1807,1822,1842,1852,1862,1881,1882
395055,"San Antonio, TX",1009.0,1002.0,1014.0,1021.0,1039.0,1051,1051,1059,1064,1048.0,1052,1043.0,1056,1062,1073,1084,1095,1100,1100,1102,1095,1098,1105,1107,1105,1115,1121,1130,1132,1137,1141,1145,1143,1144,1146,1144,1145,1150,1155,1162,1166,1171,1173,1178,1172,1168,1169,1167,1169,1177,1182,1186,1193,1201,1208,1211,1211,1207,1208,1208,1210.0,1212.0,1218,1223,1234,1243,1254,1255,1255,1257,1252,1254,1251,1258,1256,1254,1252,1258,1267,1269,1273,1263,1276,1279,1281,1278
394943,"Orlando, FL",1173.0,1180.0,1176.0,1182.0,1194.0,1205,1235,1227,1222,1218.0,1220,1222.0,1223,1232,1240,1250,1259,1263,1274,1279,1283,1285,1285,1287,1293,1294,1304,1318,1329,1335,1344,1348,1347,1346,1345,1349,1359,1365,1364,1378,1392,1403,1412,1413,1415,1417,1420,1430,1435,1443,1459,1468,1480,1492,1499,1501,1501,1501,1504,1505,1510.0,1516.0,1523,1534,1546,1556,1562,1563,1561,1560,1553,1557,1564,1563,1568,1563,1568,1570,1577,1576,1577,1575,1582,1584,1595,1600
394466,"Cincinnati, OH",923.0,940.0,930.0,927.0,950.0,950,954,961,960,954.0,942,952.0,950,949,963,967,974,984,989,997,992,994,995,999,1000,996,1005,1012,1014,1018,1021,1025,1028,1024,1024,1035,1038,1042,1043,1052,1059,1066,1064,1060,1068,1066,1070,1075,1073,1073,1081,1086,1098,1102,1103,1104,1111,1122,1119,1122,1129.0,1130.0,1146,1154,1156,1161,1169,1175,1174,1168,1171,1177,1184,1194,1199,1198,1204,1206,1205,1216,1217,1222,1233,1239,1251,1261
394475,"Cleveland, OH",930.0,951.0,939.0,950.0,944.0,964,960,960,958,953.0,959,955.0,958,969,980,992,999,1015,998,1001,1007,998,1001,994,1005,1012,1011,1024,1033,1039,1037,1031,1024,1014,1016,1011,1007,1015,1021,1024,1028,1035,1038,1038,1036,1034,1038,1032,1031,1034,1038,1049,1055,1058,1059,1065,1070,1070,1067,1067,1070.0,1073.0,1078,1083,1090,1098,1097,1094,1088,1081,1084,1088,1096,1106,1097,1106,1116,1119,1118,1129,1125,1120,1136,1138,1136,1151
394735,"Kansas City, MO",893.0,916.0,912.0,917.0,929.0,939,965,967,959,949.0,940,943.0,945,952,957,963,970,978,981,985,980,979,981,981,985,989,997,1004,1007,1012,1016,1019,1019,1020,1023,1022,1022,1026,1032,1039,1047,1048,1053,1058,1053,1050,1052,1056,1054,1062,1063,1072,1080,1083,1085,1086,1088,1082,1086,1083,1081.0,1088.0,1096,1104,1111,1119,1121,1121,1120,1118,1116,1123,1128,1134,1141,1147,1155,1161,1169,1170,1179,1177,1184,1178,1178,1188
394775,"Las Vegas, NV",988.0,994.0,996.0,999.0,1008.0,1019,1019,1025,1025,1027.0,1023,1023.0,1023,1029,1033,1043,1052,1056,1063,1066,1069,1068,1070,1071,1072,1079,1084,1095,1104,1111,1115,1118,1121,1119,1120,1120,1123,1130,1140,1147,1158,1163,1170,1177,1181,1181,1182,1186,1190,1199,1210,1223,1235,1244,1252,1260,1266,1265,1270,1274,1276.0,1284.0,1297,1311,1321,1329,1336,1343,1342,1341,1340,1340,1346,1352,1356,1348,1343,1351,1366,1384,1399,1414,1424,1427,1437,1455
394492,"Columbus, OH",955.0,962.0,960.0,956.0,972.0,977,980,986,984,986.0,1001,993.0,988,999,1006,1011,1023,1027,1028,1028,1024,1045,1044,1040,1038,1039,1051,1060,1066,1072,1071,1064,1063,1064,1066,1072,1067,1075,1085,1093,1103,1109,1108,1107,1111,1103,1110,1114,1114,1122,1134,1141,1154,1156,1159,1155,1160,1159,1156,1157,1161.0,1169.0,1179,1187,1195,1200,1195,1191,1201,1204,1200,1199,1206,1212,1215,1226,1233,1235,1244,1249,1254,1258,1272,1274,1269,1282
394705,"Indianapolis, IN",938.0,945.0,947.0,953.0,971.0,977,980,981,979,983.0,982,970.0,968,978,986,990,990,993,999,1000,1003,1006,1011,1004,1007,1015,1011,1024,1031,1038,1044,1042,1034,1034,1029,1027,1031,1032,1042,1052,1054,1061,1062,1066,1067,1062,1065,1068,1068,1075,1082,1087,1094,1101,1105,1105,1103,1103,1101,1100,1097.0,1106.0,1120,1131,1138,1144,1146,1153,1148,1149,1148,1145,1148,1157,1160,1171,1182,1198,1200,1215,1214,1225,1227,1225,1229,1237
395059,"San Jose, CA",1962.0,1987.0,2004.0,2101.0,2192.0,2305,2362,2423,2460,2468.0,2471,2479.0,2500,2508,2543,2588,2632,2672,2730,2741,2738,2743,2728,2724,2737,2735,2743,2785,2783,2824,2829,2820,2800,2776,2751,2753,2764,2761,2784,2802,2827,2863,2880,2880,2873,2855,2856,2838,2863,2870,2884,2915,2942,2985,3002,3012,2995,2985,2971,2950,2961.0,2988.0,3012,3031,3042,3061,3078,3083,3069,3035,3034,3052,3072,3098,3097,3067,3037,3026,2989,2946,2911,2858,2851,2853,2825,2840
394355,"Austin, TX",1162.0,1152.0,1158.0,1177.0,1200.0,1215,1246,1249,1250,1239.0,1235,1242.0,1247,1259,1266,1278,1293,1300,1307,1313,1312,1314,1311,1314,1320,1328,1333,1341,1348,1357,1359,1353,1348,1345,1342,1340,1343,1350,1354,1363,1372,1380,1381,1372,1358,1351,1349,1349,1352,1360,1369,1380,1392,1405,1415,1421,1417,1413,1422,1415,1417.0,1428.0,1435,1449,1460,1472,1482,1485,1484,1476,1476,1482,1485,1489,1493,1478,1468,1470,1473,1465,1456,1446,1462,1463,1464,1474
395194,"Virginia Beach, VA",1122.0,1140.0,1135.0,1137.0,1149.0,1166,1172,1174,1173,1170.0,1166,1167.0,1167,1170,1176,1181,1183,1188,1190,1192,1187,1187,1186,1186,1189,1194,1199,1205,1207,1207,1206,1205,1201,1197,1195,1200,1204,1211,1215,1219,1220,1223,1226,1226,1226,1225,1223,1220,1219,1227,1235,1243,1245,1245,1248,1249,1250,1249,1249,1250,1257.0,1260.0,1267,1273,1281,1286,1287,1284,1284,1286,1289,1290,1293,1296,1298,1298,1303,1309,1321,1334,1340,1347,1356,1361,1372,1380
394902,"Nashville, TN",1140.0,1131.0,1137.0,1144.0,1185.0,1221,1238,1248,1258,1264.0,1259,1255.0,1262,1272,1286,1296,1307,1323,1326,1334,1343,1341,1329,1341,1353,1359,1369,1384,1392,1409,1424,1427,1413,1415,1404,1404,1408,1412,1422,1437,1453,1457,1465,1463,1463,1446,1439,1436,1442,1440,1458,1474,1486,1503,1500,1500,1495,1492,1489,1483,1486.0,1502.0,1509,1523,1540,1549,1563,1557,1554,1556,1562,1566,1574,1575,1583,1584,1584,1587,1591,1589,1581,1578,1585,1584,1588,1600
395005,"Providence, RI",1079.0,1123.0,1126.0,1130.0,1145.0,1167,1169,1176,1159,1164.0,1155,1156.0,1160,1175,1201,1213,1230,1233,1227,1226,1219,1202,1222,1218,1244,1255,1266,1273,1278,1273,1293,1289,1275,1270,1275,1289,1301,1314,1333,1329,1342,1346,1342,1355,1354,1346,1338,1348,1345,1372,1390,1388,1400,1413,1413,1399,1396,1383,1388,1389,1393.0,1406.0,1430,1450,1466,1467,1461,1461,1447,1446,1456,1446,1478,1462,1489,1504,1504,1521,1522,1524,1523,1531,1561,1567,1598,1606
394862,"Milwaukee, WI",1019.0,1021.0,1022.0,1019.0,1045.0,1059,1070,1078,1079,1066.0,1066,1061.0,1074,1070,1074,1085,1092,1097,1093,1106,1106,1105,1098,1084,1087,1097,1104,1114,1129,1123,1125,1119,1115,1116,1114,1112,1114,1115,1119,1129,1136,1141,1141,1138,1133,1122,1123,1131,1137,1138,1144,1151,1154,1161,1153,1154,1159,1158,1152,1154,1158.0,1168.0,1176,1181,1185,1188,1193,1190,1189,1187,1179,1187,1188,1197,1200,1205,1207,1216,1219,1224,1210,1221,1222,1210,1220,1230
394714,"Jacksonville, FL",1041.0,1033.0,1055.0,1047.0,1050.0,1054,1059,1060,1061,1065.0,1063,1065.0,1064,1065,1061,1073,1083,1088,1094,1096,1093,1099,1099,1098,1100,1107,1113,1118,1127,1131,1132,1134,1130,1133,1139,1135,1138,1141,1148,1154,1163,1171,1179,1182,1184,1185,1186,1186,1192,1199,1203,1213,1222,1232,1240,1241,1240,1239,1240,1241,1243.0,1247.0,1257,1266,1273,1279,1284,1289,1289,1280,1278,1282,1289,1290,1296,1297,1299,1307,1314,1327,1336,1339,1345,1350,1360,1375
394849,"Memphis, TN",1056.0,1058.0,1052.0,1059.0,1071.0,1085,1091,1095,1093,1089.0,1088,1093.0,1095,1094,1091,1098,1100,1103,1105,1108,1111,1105,1110,1105,1108,1114,1116,1119,1124,1131,1133,1131,1135,1136,1133,1133,1132,1131,1134,1142,1150,1151,1154,1153,1156,1153,1154,1153,1158,1159,1167,1178,1182,1190,1198,1200,1196,1195,1194,1193,1197.0,1206.0,1214,1223,1231,1236,1241,1242,1243,1238,1240,1239,1247,1263,1277,1283,1289,1306,1324,1347,1349,1347,1362,1355,1373,1381
394935,"Oklahoma City, OK",939.0,948.0,949.0,960.0,971.0,992,996,995,989,988.0,989,987.0,988,989,994,1002,1020,1026,1019,1018,1010,1000,998,991,993,1002,1008,1010,1018,1020,1015,1012,1002,991,985,992,988,995,1004,1010,1014,1016,1021,1023,1019,1013,1008,999,1007,1013,1019,1028,1033,1036,1030,1036,1036,1038,1036,1038,1035.0,1043.0,1047,1059,1096,1087,1076,1070,1069,1070,1068,1064,1067,1071,1074,1082,1088,1091,1087,1093,1100,1103,1105,1105,1107,1113
394807,"Louisville, KY",788.0,828.0,815.0,816.0,831.0,847,859,861,861,865.0,861,857.0,863,880,877,895,891,892,894,892,891,890,890,888,891,895,904,910,921,926,934,935,931,928,931,935,931,939,946,954,955,966,969,965,964,955,954,962,960,969,973,976,987,989,987,995,992,994,991,994,995.0,997.0,1003,1012,1019,1018,1022,1015,1018,1016,1014,1019,1021,1027,1035,1029,1037,1050,1052,1063,1062,1062,1060,1066,1066,1072
394807,"Jefferson County, KY",788.0,828.0,815.0,816.0,831.0,847,859,861,861,865.0,861,857.0,863,880,877,895,891,892,894,892,891,890,890,888,891,895,904,910,921,926,934,935,931,928,931,935,931,939,946,954,955,966,969,965,964,955,954,962,960,969,973,976,987,989,987,995,992,994,991,994,995.0,997.0,1003,1012,1019,1018,1022,1015,1018,1016,1014,1019,1021,1027,1035,1029,1037,1050,1052,1063,1062,1062,1060,1066,1066,1072
394669,"Hartford, CT",1121.0,1130.0,1121.0,1138.0,1165.0,1185,1198,1202,1202,1211.0,1213,1208.0,1211,1211,1227,1219,1216,1240,1238,1228,1227,1237,1228,1238,1233,1230,1233,1252,1260,1256,1258,1263,1257,1250,1251,1253,1251,1263,1266,1272,1280,1289,1288,1284,1278,1276,1273,1278,1270,1282,1294,1294,1302,1310,1311,1320,1312,1312,1313,1321,1321.0,1325.0,1329,1326,1327,1341,1348,1345,1338,1336,1338,1343,1347,1352,1350,1371,1364,1371,1386,1387,1403,1409,1412,1408,1415,1423
395022,"Richmond, VA",,1015.0,1010.0,1021.0,1045.0,1052,1055,1059,1056,1049.0,1051,1054.0,1057,1065,1071,1078,1077,1072,1074,1082,1078,1077,1082,1081,1085,1090,1103,1101,1107,1113,1127,1119,1117,1108,1111,1107,1109,1111,1116,1129,1142,1148,1151,1149,1147,1146,1149,1148,1151,1157,1168,1182,1190,1195,1195,1190,1192,1191,1193,1194,1193.0,1197.0,1209,1222,1230,1232,1234,1234,1234,1234,1233,1236,1241,1244,1253,1257,1264,1269,1274,1274,1277,1268,1284,1289,1294,1295
394910,"New Orleans, LA",1004.0,1035.0,1005.0,1023.0,1059.0,1074,1087,1088,1085,1066.0,1077,1086.0,1089,1096,1097,1102,1117,1119,1106,1107,1108,1104,1123,1114,1116,1119,1118,1161,1146,1134,1136,1135,1139,1142,1136,1148,1137,1153,1145,1146,1150,1149,1154,1154,1163,1159,1155,1162,1145,1137,1154,1161,1168,1163,1172,1166,1166,1169,1175,1163,1162.0,1165.0,1171,1173,1176,1183,1190,1200,1198,1193,1204,1204,1206,1208,1210,1205,1203,1212,1213,1199,1215,1227,1232,1238,1248,1263
394425,"Buffalo, NY",827.0,846.0,852.0,870.0,885.0,879,873,861,885,881.0,877,896.0,893,888,914,930,922,911,923,939,932,942,941,941,942,938,945,950,967,967,971,968,972,970,970,974,975,1000,992,994,990,1001,1006,1003,997,1003,995,1006,1013,1008,1017,1024,1031,1038,1041,1039,1039,1035,1033,1042,1046.0,1054.0,1057,1067,1069,1072,1073,1074,1058,1066,1072,1073,1085,1091,1106,1106,1112,1124,1116,1126,1123,1119,1122,1123,1142,1157
395012,"Raleigh, NC",1161.0,1180.0,1172.0,1170.0,1188.0,1203,1210,1207,1212,1204.0,1205,1202.0,1208,1217,1224,1228,1240,1256,1254,1257,1260,1259,1252,1242,1249,1255,1269,1281,1292,1297,1304,1308,1312,1310,1301,1295,1297,1302,1312,1316,1329,1341,1343,1342,1336,1336,1332,1330,1328,1334,1343,1357,1367,1374,1380,1389,1380,1376,1381,1379,1380.0,1392.0,1401,1413,1427,1445,1447,1447,1449,1446,1434,1445,1452,1450,1448,1443,1446,1455,1460,1468,1476,1467,1478,1480,1490,1494
394388,"Birmingham, AL",911.0,932.0,923.0,921.0,921.0,934,941,951,962,948.0,946,948.0,951,954,956,959,961,961,967,970,972,971,973,973,976,978,974,983,982,983,986,986,986,992,985,983,985,987,992,988,993,996,1000,1006,1021,1012,1010,1016,1011,1013,1010,1019,1032,1033,1022,1035,1030,1036,1043,1047,1058.0,1065.0,1063,1059,1066,1071,1070,1071,1077,1073,1074,1082,1084,1086,1089,1097,1095,1102,1111,1109,1137,1145,1144,1140,1144,1140
395053,"Salt Lake City, UT",1035.0,988.0,1019.0,1031.0,1046.0,1059,1067,1079,1080,1083.0,1088,1069.0,1076,1077,1085,1100,1105,1113,1113,1112,1122,1118,1125,1132,1133,1139,1150,1154,1163,1166,1172,1182,1184,1188,1182,1183,1181,1200,1203,1212,1222,1231,1231,1241,1250,1249,1237,1227,1230,1258,1274,1276,1298,1292,1308,1294,1301,1302,1302,1306,1314.0,1321.0,1339,1346,1355,1356,1362,1362,1358,1356,1356,1360,1364,1363,1374,1373,1364,1366,1362,1376,1383,1385,1388,1411,1407,1421
395031,"Rochester, NY",968.0,981.0,973.0,976.0,992.0,1008,1020,1004,998,1009.0,981,1004.0,1007,1017,1028,1023,1030,1038,1050,1035,1038,1036,1048,1058,1043,1046,1057,1053,1062,1068,1071,1070,1070,1072,1060,1065,1077,1081,1081,1093,1100,1099,1105,1109,1101,1095,1102,1102,1118,1126,1126,1131,1136,1145,1141,1158,1143,1139,1140,1135,1142.0,1145.0,1157,1169,1168,1175,1181,1170,1170,1159,1150,1158,1173,1181,1195,1189,1198,1203,1219,1225,1228,1232,1227,1232,1261,1273
394640,"Grand Rapids, MI",841.0,857.0,859.0,883.0,920.0,921,926,926,932,929.0,917,915.0,920,934,941,959,969,983,992,992,994,996,997,996,1000,997,1020,1047,1072,1080,1087,1080,1083,1075,1080,1083,1075,1092,1098,1113,1138,1145,1151,1145,1139,1130,1117,1127,1129,1132,1147,1167,1179,1186,1192,1198,1187,1181,1180,1181,1189.0,1190.0,1197,1223,1238,1253,1255,1249,1240,1244,1240,1236,1240,1252,1260,1264,1272,1287,1299,1304,1276,1289,1304,1308,1300,1297
395167,"Tucson, AZ",981.0,989.0,986.0,991.0,996.0,999,1002,995,994,998.0,998,994.0,996,1000,1004,1012,1011,1015,1017,1016,1017,1022,1014,1017,1026,1028,1034,1040,1041,1041,1044,1049,1049,1052,1054,1057,1058,1071,1078,1089,1093,1094,1098,1100,1100,1095,1100,1106,1112,1113,1123,1140,1145,1152,1158,1160,1163,1165,1177,1180,1183.0,1193.0,1196,1204,1220,1225,1227,1231,1238,1235,1247,1253,1257,1262,1261,1248,1262,1267,1280,1295,1315,1344,1346,1350,1361,1374
753924,"Honolulu, HI",1685.0,1637.0,1670.0,1702.0,1773.0,1884,1874,1935,1895,1954.0,1927,2036.0,2004,1946,1967,1974,1999,1994,2000,2005,2003,1995,2052,2106,2098,2043,2110,2100,2034,2054,2096,2070,2036,2084,2148,2063,2056,2053,2018,2035,2074,2072,2081,2095,2088,2071,2070,2077,2044,2071,2101,2067,2074,2082,2095,2130,2140,2088,2065,2120,2133.0,2163.0,2125,2127,2115,2126,2134,2138,2132,2186,2182,2149,2135,2162,2139,2127,2122,2119,2098,2135,2158,2108,2160,2181,2161,2238
395169,"Tulsa, OK",959.0,930.0,946.0,943.0,965.0,984,997,1012,1007,998.0,999,999.0,1003,1006,1018,1023,1007,1017,1022,1042,1033,1024,1027,1021,1024,1018,1025,1031,1037,1045,1045,1043,1034,1037,1036,1037,1035,1029,1030,1034,1037,1045,1046,1041,1041,1046,1038,1040,1042,1053,1050,1047,1056,1060,1055,1067,1065,1064,1059,1062,1057.0,1064.0,1067,1076,1083,1089,1088,1089,1097,1095,1100,1105,1106,1110,1111,1108,1123,1123,1128,1141,1143,1149,1153,1147,1153,1176
394619,"Fresno, CA",1092.0,1104.0,1101.0,1106.0,1128.0,1122,1116,1120,1121,1129.0,1130,1136.0,1138,1137,1145,1152,1156,1163,1152,1160,1168,1170,1171,1177,1179,1184,1190,1195,1205,1208,1220,1222,1225,1225,1231,1233,1235,1232,1237,1253,1268,1275,1285,1291,1293,1295,1289,1290,1298,1300,1305,1319,1330,1334,1346,1348,1362,1361,1363,1382,1385.0,1389.0,1391,1409,1406,1423,1432,1432,1436,1442,1436,1458,1475,1476,1479,1471,1474,1494,1510,1517,1525,1535,1556,1553,1572,1587
395238,"Worcester, MA",997.0,1002.0,1008.0,1020.0,1030.0,1033,1036,1042,1051,1055.0,1051,1057.0,1056,1058,1069,1074,1074,1083,1085,1090,1094,1095,1095,1103,1100,1087,1100,1117,1136,1148,1147,1149,1152,1163,1160,1161,1162,1181,1189,1188,1198,1209,1202,1204,1209,1194,1205,1212,1217,1224,1242,1250,1253,1255,1276,1279,1279,1283,1282,1281,1286.0,1296.0,1309,1315,1333,1319,1337,1341,1340,1354,1352,1357,1371,1380,1370,1384,1385,1389,1393,1385,1395,1407,1424,1428,1454,1460
394415,"Stamford, CT",1591.0,1590.0,1591.0,1653.0,1723.0,1775,1775,1779,1777,1766.0,1763,1791.0,1784,1777,1785,1797,1820,1826,1854,1852,1837,1819,1810,1797,1795,1819,1820,1849,1872,1879,1878,1864,1863,1858,1846,1838,1835,1863,1872,1883,1893,1888,1894,1900,1893,1889,1877,1860,1862,1886,1904,1915,1932,1949,1942,1945,1936,1929,1929,1934,1934.0,1941.0,1946,1960,1976,1989,1997,1999,2002,2000,1980,1977,1977,1994,2004,2035,2039,2029,2056,2040,2062,2076,2110,2079,2131,2116
394312,"Albuquerque, NM",963.0,956.0,958.0,958.0,975.0,982,992,993,984,983.0,987,987.0,989,996,984,1001,1008,1015,1013,1020,1019,1014,1010,1008,1011,1012,1019,1026,1027,1036,1044,1047,1042,1033,1034,1031,1031,1040,1042,1047,1049,1062,1066,1068,1054,1054,1058,1059,1060,1061,1069,1076,1082,1091,1094,1095,1095,1091,1088,1086,1089.0,1098.0,1105,1111,1123,1133,1140,1146,1144,1145,1139,1148,1149,1164,1163,1156,1157,1170,1188,1188,1215,1223,1227,1224,1228,1247
394308,"Albany, NY",1010.0,1031.0,1026.0,1072.0,1068.0,1085,1112,1090,1102,1104.0,1087,1096.0,1115,1112,1113,1110,1115,1113,1109,1120,1110,1125,1113,1106,1120,1139,1155,1148,1135,1145,1128,1137,1153,1156,1170,1164,1186,1178,1164,1173,1180,1173,1172,1171,1166,1172,1155,1136,1150,1184,1195,1203,1207,1205,1198,1198,1217,1210,1240,1232,1214.0,1209.0,1202,1209,1212,1218,1221,1225,1225,1241,1239,1244,1253,1249,1243,1290,1269,1249,1249,1242,1251,1272,1278,1285,1302,1285
394938,"Omaha, NE",914.0,865.0,888.0,887.0,899.0,919,936,940,933,940.0,937,938.0,948,959,971,990,980,978,979,979,979,971,976,980,983,991,999,1002,1008,1015,1016,1018,1020,1016,1014,1012,1012,1020,1028,1037,1044,1053,1051,1051,1047,1037,1037,1042,1042,1046,1044,1056,1065,1071,1074,1072,1072,1076,1072,1070,1074.0,1086.0,1084,1092,1106,1113,1120,1118,1113,1111,1117,1119,1123,1125,1136,1149,1153,1162,1169,1177,1173,1166,1166,1165,1169,1186
394908,"New Haven, CT",1125.0,1110.0,1113.0,1135.0,1159.0,1176,1191,1190,1185,1183.0,1187,1195.0,1185,1189,1195,1221,1222,1218,1223,1216,1221,1214,1222,1205,1201,1223,1231,1248,1251,1257,1259,1251,1240,1238,1232,1239,1246,1257,1260,1270,1275,1272,1275,1280,1273,1265,1271,1269,1273,1284,1286,1301,1302,1310,1312,1309,1308,1313,1310,1323,1313.0,1321.0,1324,1336,1336,1335,1337,1334,1325,1331,1346,1353,1356,1368,1370,1371,1389,1386,1390,1393,1405,1417,1419,1415,1426,1437
394357,"Bakersfield, CA",990.0,989.0,992.0,1004.0,1014.0,1030,1030,1032,1025,1033.0,1033,1039.0,1033,1043,1048,1051,1055,1058,1055,1050,1056,1053,1046,1046,1048,1060,1053,1061,1065,1074,1079,1089,1086,1080,1081,1086,1086,1089,1096,1103,1103,1107,1109,1118,1116,1115,1113,1117,1126,1128,1135,1140,1146,1153,1158,1164,1162,1164,1169,1171,1180.0,1183.0,1190,1203,1207,1216,1213,1220,1224,1227,1225,1227,1242,1256,1249,1257,1262,1270,1294,1323,1318,1327,1324,1335,1354,1354
394753,"Knoxville, TN",966.0,971.0,974.0,988.0,1003.0,1009,1007,1008,1008,1005.0,1005,1018.0,1013,1024,1032,1039,1048,1041,1042,1035,1019,1035,1045,1041,1019,1029,1045,1051,1069,1077,1082,1071,1079,1064,1070,1071,1066,1086,1094,1105,1110,1111,1123,1106,1107,1107,1113,1119,1117,1116,1136,1141,1159,1161,1160,1161,1166,1172,1171,1172,1184.0,1201.0,1206,1212,1215,1217,1220,1219,1208,1222,1224,1234,1251,1251,1255,1247,1249,1258,1266,1276,1292,1307,1319,1320,1330,1352
394653,"Greenville, SC",936.0,937.0,942.0,973.0,975.0,959,973,975,977,974.0,974,972.0,975,978,988,999,1012,1016,1022,1013,1018,1018,1023,1024,1032,1035,1052,1064,1072,1074,1069,1063,1071,1058,1041,1050,1058,1055,1069,1080,1087,1095,1100,1102,1092,1083,1085,1092,1097,1098,1108,1112,1123,1133,1130,1136,1140,1141,1140,1131,1136.0,1140.0,1146,1151,1168,1177,1180,1173,1178,1176,1177,1190,1181,1190,1194,1192,1185,1193,1188,1197,1199,1186,1207,1217,1228,1235
394952,"Ventura, CA",1998.0,1980.0,1991.0,2036.0,2065.0,2093,2108,2126,2131,2133.0,2154,2161.0,2151,2178,2178,2193,2208,2212,2229,2231,2244,2244,2241,2243,2248,2250,2268,2295,2308,2327,2345,2350,2352,2366,2364,2356,2362,2393,2415,2428,2441,2448,2441,2444,2444,2441,2445,2449,2475,2512,2498,2509,2535,2552,2548,2567,2567,2560,2562,2578,2583.0,2584.0,2610,2593,2629,2631,2631,2625,2617,2620,2622,2637,2661,2661,2672,2634,2650,2665,2687,2701,2698,2708,2744,2784,2817,2801
394318,"Allentown, PA",1061.0,1085.0,1080.0,1111.0,1133.0,1141,1146,1139,1145,1143.0,1141,1128.0,1123,1137,1144,1151,1160,1168,1174,1166,1163,1169,1167,1167,1187,1174,1202,1195,1199,1204,1208,1201,1198,1207,1200,1195,1201,1214,1223,1223,1232,1229,1228,1235,1246,1240,1244,1236,1237,1245,1248,1266,1276,1276,1283,1279,1278,1269,1279,1298,1284.0,1288.0,1297,1307,1312,1319,1324,1327,1336,1330,1329,1328,1333,1341,1340,1340,1350,1345,1350,1374,1386,1402,1412,1433,1453,1455
394561,"El Paso, TX",961.0,961.0,970.0,973.0,980.0,983,974,985,980,981.0,976,976.0,977,982,981,986,989,988,991,994,989,980,976,980,984,990,991,991,992,996,996,997,991,986,993,1005,997,996,994,995,994,997,997,998,996,990,994,995,991,993,996,1000,1007,1011,1013,1016,1019,1015,1013,1017,1018.0,1009.0,1018,1020,1027,1033,1035,1041,1045,1046,1050,1051,1059,1059,1061,1073,1079,1081,1081,1095,1096,1101,1121,1120,1123,1137
394367,"Baton Rouge, LA",1026.0,1036.0,1033.0,1019.0,1039.0,1077,1091,1113,1122,1125.0,1119,1110.0,1114,1123,1132,1165,1160,1146,1134,1143,1144,1126,1148,1173,1171,1167,1175,1182,1172,1187,1180,1179,1198,1210,1222,1219,1217,1217,1217,1219,1217,1213,1193,1191,1193,1198,1190,1193,1191,1187,1196,1204,1207,1209,1207,1204,1198,1200,1188,1189,1194.0,1193.0,1198,1208,1211,1213,1209,1205,1200,1198,1193,1185,1188,1188,1196,1200,1218,1229,1231,1234,1238,1228,1224,1233,1228,1241
394521,"Dayton, OH",,734.0,782.0,758.0,762.0,764,766,772,771,767.0,768,771.0,765,764,766,776,777,785,796,796,795,800,801,799,806,801,808,813,806,803,808,815,815,810,825,824,839,827,829,832,837,842,846,844,846,851,858,859,862,861,864,857,866,871,878,881,879,881,886,872,881.0,893.0,898,903,910,912,918,925,921,925,936,931,936,941,944,940,943,955,961,973,971,969,978,982,989,1002
394486,"Columbia, SC",,936.0,925.0,932.0,946.0,961,987,1026,1020,990.0,982,986.0,974,960,967,978,983,992,995,995,993,991,980,990,992,989,1001,1007,1017,1014,1016,1018,1019,1021,1027,1018,1017,1018,1030,1037,1041,1038,1049,1041,1037,1038,1042,1048,1048,1057,1066,1069,1073,1075,1083,1085,1080,1088,1084,1085,1088.0,1096.0,1099,1112,1123,1126,1131,1132,1129,1120,1119,1121,1131,1143,1153,1152,1149,1163,1174,1173,1178,1184,1195,1184,1202,1213
394648,"Greensboro, NC",942.0,965.0,960.0,970.0,979.0,985,991,1009,1004,997.0,997,1002.0,997,995,1000,1010,1020,1022,1030,1024,1030,1009,1004,1004,1019,1017,1028,1018,1031,1043,1050,1054,1054,1041,1048,1050,1075,1068,1062,1061,1068,1077,1085,1081,1085,1079,1077,1072,1081,1094,1093,1097,1105,1103,1109,1103,1115,1119,1113,1121,1125.0,1135.0,1142,1148,1164,1163,1167,1173,1174,1172,1177,1169,1178,1189,1198,1204,1208,1200,1216,1219,1239,1252,1256,1265,1269,1280
394304,"Akron, OH",744.0,735.0,747.0,748.0,762.0,771,783,784,787,779.0,786,788.0,787,787,795,800,800,811,804,810,790,800,812,807,814,814,815,811,818,820,830,827,828,834,830,826,827,831,829,845,849,852,849,846,844,840,844,851,850,849,859,866,865,867,870,857,852,859,860,857,860.0,867.0,867,873,875,883,872,881,891,892,891,895,907,904,918,915,919,920,928,938,931,932,929,932,970,968
753906,"North Port, FL",1525.0,1526.0,1514.0,1550.0,1537.0,1531,1538,1553,1541,1563.0,1591,1601.0,1617,1622,1630,1656,1649,1623,1640,1648,1667,1663,1685,1685,1709,1715,1729,1715,1704,1709,1707,1700,1718,1733,1770,1759,1775,1771,1778,1772,1751,1749,1748,1751,1737,1754,1786,1804,1805,1825,1819,1814,1824,1822,1826,1837,1853,1836,1852,1868,1898.0,1894.0,1880,1872,1883,1878,1882,1891,1906,1900,1924,1947,1962,1958,1948,1936,1950,1934,1958,1952,1962,1999,2029,2053,2053,2080
753906,"Sarasota, FL",1525.0,1526.0,1514.0,1550.0,1537.0,1531,1538,1553,1541,1563.0,1591,1601.0,1617,1622,1630,1656,1649,1623,1640,1648,1667,1663,1685,1685,1709,1715,1729,1715,1704,1709,1707,1700,1718,1733,1770,1759,1775,1771,1778,1772,1751,1749,1748,1751,1737,1754,1786,1804,1805,1825,1819,1814,1824,1822,1826,1837,1853,1836,1852,1868,1898.0,1894.0,1880,1872,1883,1878,1882,1891,1906,1900,1924,1947,1962,1958,1948,1936,1950,1934,1958,1952,1962,1999,2029,2053,2053,2080
753906,"Bradenton, FL",1525.0,1526.0,1514.0,1550.0,1537.0,1531,1538,1553,1541,1563.0,1591,1601.0,1617,1622,1630,1656,1649,1623,1640,1648,1667,1663,1685,1685,1709,1715,1729,1715,1704,1709,1707,1700,1718,1733,1770,1759,1775,1771,1778,1772,1751,1749,1748,1751,1737,1754,1786,1804,1805,1825,1819,1814,1824,1822,1826,1837,1853,1836,1852,1868,1898.0,1894.0,1880,1872,1883,1878,1882,1891,1906,1900,1924,1947,1962,1958,1948,1936,1950,1934,1958,1952,1962,1999,2029,2053,2053,2080
394798,"Little Rock, AR",779.0,759.0,766.0,774.0,771.0,771,775,787,784,777.0,770,765.0,773,777,778,783,785,797,792,789,784,791,784,787,786,790,792,793,790,797,802,803,804,798,801,803,802,805,809,808,808,810,812,815,806,808,813,809,810,812,815,816,816,814,819,820,823,831,830,826,824.0,829.0,835,837,840,842,846,845,844,835,841,843,852,858,854,859,859,871,877,879,885,887,882,888,898,908
395134,"Stockton, CA",1287.0,1326.0,1316.0,1330.0,1345.0,1359,1345,1366,1386,1398.0,1438,1416.0,1402,1403,1419,1434,1450,1461,1469,1494,1498,1488,1495,1512,1518,1528,1552,1561,1570,1579,1600,1605,1630,1636,1639,1644,1655,1658,1679,1685,1700,1719,1731,1760,1761,1750,1748,1760,1764,1771,1785,1784,1798,1819,1845,1858,1845,1855,1845,1844,1847.0,1859.0,1877,1894,1904,1927,1943,1942,1940,1947,1949,1972,1998,2018,2001,2003,2000,2005,2038,2078,2049,2092,2105,2149,2162,2157
394457,"Charleston, SC",1134.0,1144.0,1148.0,1168.0,1189.0,1208,1226,1234,1242,1244.0,1256,1249.0,1257,1267,1281,1296,1296,1312,1313,1317,1299,1319,1321,1309,1301,1323,1347,1361,1369,1382,1385,1385,1380,1375,1366,1364,1375,1387,1395,1410,1423,1423,1431,1429,1432,1426,1425,1416,1421,1432,1440,1452,1461,1471,1479,1482,1476,1466,1458,1441,1450.0,1469.0,1479,1491,1509,1520,1519,1511,1511,1508,1512,1527,1524,1536,1531,1522,1519,1528,1548,1544,1550,1547,1552,1571,1569,1581
395143,"Syracuse, NY",861.0,867.0,851.0,872.0,877.0,896,931,938,912,906.0,973,921.0,903,886,889,915,930,927,900,912,918,948,952,924,935,934,960,954,963,974,935,945,944,948,970,964,967,976,1004,999,990,988,985,984,978,968,1004,1012,971,998,999,1025,1020,1017,1024,1019,1001,994,990,990,991.0,1000.0,1001,1013,1022,1046,1057,1064,1042,1065,1048,1042,1057,1042,1063,1057,1094,1099,1117,1120,1124,1126,1131,1124,1120,1124
394484,"Colorado Springs, CO",1032.0,1029.0,1022.0,1025.0,1045.0,1073,1089,1098,1099,1109.0,1110,1120.0,1117,1122,1118,1131,1144,1152,1162,1169,1166,1170,1174,1175,1186,1183,1196,1214,1226,1235,1239,1253,1259,1257,1258,1258,1267,1272,1280,1290,1305,1317,1324,1327,1332,1326,1332,1337,1347,1355,1363,1374,1381,1382,1388,1393,1394,1390,1392,1394,1406.0,1419.0,1438,1442,1450,1455,1460,1466,1467,1473,1475,1493,1501,1508,1495,1509,1519,1521,1529,1543,1557,1563,1579,1580,1580,1604
395235,"Winston, NC",944.0,989.0,967.0,965.0,979.0,982,991,988,989,991.0,994,994.0,996,997,1003,1003,1007,1011,1012,1020,1018,1021,1019,1008,1013,1021,1035,1044,1045,1039,1048,1048,1042,1043,1041,1042,1045,1052,1057,1063,1078,1082,1085,1086,1086,1085,1082,1082,1075,1084,1099,1108,1117,1118,1121,1124,1125,1124,1127,1132,1137.0,1138.0,1148,1163,1178,1179,1188,1187,1185,1184,1181,1173,1199,1203,1208,1202,1205,1218,1225,1244,1252,1254,1261,1238,1260,1274
395235,"Salem, NC",944.0,989.0,967.0,965.0,979.0,982,991,988,989,991.0,994,994.0,996,997,1003,1003,1007,1011,1012,1020,1018,1021,1019,1008,1013,1021,1035,1044,1045,1039,1048,1048,1042,1043,1041,1042,1045,1052,1057,1063,1078,1082,1085,1086,1086,1085,1082,1082,1075,1084,1099,1108,1117,1118,1121,1124,1125,1124,1127,1132,1137.0,1138.0,1148,1163,1178,1179,1188,1187,1185,1184,1181,1173,1199,1203,1208,1202,1205,1218,1225,1244,1252,1254,1261,1238,1260,1274
395224,"Wichita, KS",732.0,731.0,736.0,737.0,750.0,755,762,759,759,759.0,765,761.0,769,764,755,764,765,770,772,766,769,768,760,770,769,770,771,781,779,788,785,778,771,774,774,773,772,774,777,783,785,790,788,790,781,781,777,783,786,785,786,788,791,796,796,802,802,806,790,790,788.0,794.0,799,800,806,806,816,819,816,822,820,816,819,821,821,822,824,831,851,845,849,847,845,841,842,853
395115,"Springfield, MA",1201.0,1307.0,1279.0,1302.0,1320.0,1329,1336,1358,1324,,1314,1337.0,1328,1331,1332,1345,1352,1361,1372,1364,1360,1365,1355,1358,1348,1359,1380,1397,1413,1412,1422,1407,1407,1415,1410,1397,1394,1380,1400,1419,1439,1432,1435,1442,1450,1452,1444,1440,1451,1458,1466,1469,1468,1473,1487,1490,1499,1506,1510,1445,1482.0,1496.0,1505,1504,1526,1538,1541,1541,1534,1551,1543,1530,1552,1557,1557,1557,1564,1560,1600,1582,1572,1590,1571,1598,1604,1656
394440,"Fort Myers, FL",1229.0,1195.0,1217.0,1219.0,1234.0,1243,1250,1272,1288,1301.0,1308,1324.0,1319,1336,1369,1377,1391,1399,1404,1433,1447,1450,1464,1470,1480,1497,1510,1509,1509,1525,1528,1529,1522,1532,1538,1551,1558,1556,1562,1568,1559,1552,1565,1561,1569,1582,1599,1609,1616,1621,1617,1618,1620,1615,1616,1626,1633,1639,1644,1649,1658.0,1659.0,1662,1676,1675,1675,1676,1679,1679,1678,1691,1694,1720,1724,1718,1696,1721,1712,1729,1736,1754,1763,1774,1782,1799,1811
394399,"Boise City, ID",849.0,880.0,876.0,889.0,904.0,917,926,929,935,929.0,932,934.0,934,941,952,959,968,972,977,982,986,988,986,980,984,986,1003,1019,1028,1041,1048,1054,1056,1059,1049,1048,1051,1056,1067,1086,1091,1104,1113,1118,1122,1119,1120,1120,1130,1134,1144,1153,1159,1186,1205,1213,1215,1215,1206,1214,1211.0,1223.0,1244,1255,1267,1286,1292,1289,1287,1285,1282,1285,1290,1303,1310,1308,1313,1325,1338,1361,1367,1378,1404,1412,1431,1467
395160,"Toledo, OH",739.0,777.0,773.0,763.0,754.0,767,780,768,779,775.0,778,777.0,790,794,789,789,792,780,784,770,787,793,805,798,797,801,811,818,820,819,820,826,826,830,825,827,837,834,818,838,841,832,837,838,836,838,847,849,847,833,842,875,870,864,864,861,858,854,850,857,861.0,861.0,867,873,878,887,886,889,888,881,873,856,861,874,882,887,899,908,921,921,924,933,928,930,933,932
394816,"Madison, WI",1168.0,1122.0,1122.0,1107.0,1132.0,1140,1151,1148,1156,1161.0,1153,1150.0,1158,1162,1176,1178,1186,1196,1192,1196,1185,1190,1205,1208,1205,1213,1211,1235,1228,1233,1231,1233,1226,1228,1234,1238,1236,1238,1249,1253,1253,1255,1258,1263,1257,1272,1269,1264,1264,1266,1265,1272,1276,1285,1286,1280,1284,1297,1300,1305,1302.0,1304.0,1316,1321,1322,1318,1318,1308,1316,1322,1328,1317,1344,1349,1351,1353,1344,1347,1346,1351,1354,1340,1385,1380,1380,1385
394766,"Lakeland, FL",1035.0,1055.0,1050.0,1039.0,1054.0,1063,1069,1072,1075,1070.0,1078,1086.0,1084,1086,1098,1099,1110,1123,1127,1125,1102,1120,1129,1127,1134,1142,1146,1160,1172,1177,1185,1185,1187,1182,1186,1204,1203,1201,1206,1213,1219,1229,1231,1236,1223,1236,1250,1248,1249,1254,1272,1284,1301,1309,1319,1322,1317,1325,1323,1327,1336.0,1347.0,1365,1361,1358,1363,1368,1380,1380,1376,1383,1391,1388,1397,1407,1408,1458,1442,1445,1452,1458,1464,1486,1482,1495,1488
394931,"Ogden, UT",899.0,891.0,898.0,916.0,937.0,950,947,961,977,984.0,986,985.0,970,974,984,977,989,996,996,1004,1009,1015,1013,1014,1017,1012,1016,988,1019,1051,1054,1060,1062,1071,1083,1079,1079,1093,1089,1094,1097,1118,1123,1124,1127,1122,1111,1125,1135,1139,1131,1160,1167,1186,1188,1195,1173,1196,1197,1214,1218.0,1213.0,1229,1233,1248,1259,1257,1256,1253,1260,1290,1293,1292,1307,1294,1277,1300,1312,1323,1308,1301,1328,1336,1351,1353,1374
394528,"Daytona Beach, FL",995.0,986.0,992.0,1006.0,1006.0,1014,1020,1025,1034,1037.0,1042,1041.0,1053,1055,1056,1069,1075,1078,1087,1093,1102,1118,1119,1114,1121,1120,1121,1135,1149,1142,1154,1175,1179,1179,1177,1182,1189,1192,1186,1192,1211,1219,1234,1245,1251,1255,1258,1240,1243,1267,1279,1283,1288,1292,1303,1315,1318,1317,1313,1321,1324.0,1336.0,1346,1348,1359,1350,1356,1361,1371,1374,1374,1386,1386,1398,1391,1391,1441,1426,1422,1422,1433,1428,1454,1472,1474,1494
394531,"Des Moines, IA",1014.0,986.0,1021.0,1013.0,1034.0,1049,1049,1060,1073,1090.0,1067,1036.0,1044,1056,1074,1080,1078,1086,1092,1082,1058,1071,1069,1064,1064,1072,1068,1076,1095,1099,1098,1100,1093,1094,1097,1072,1086,1088,1101,1107,1118,1118,1120,1118,1115,1107,1097,1093,1082,1089,1100,1118,1125,1141,1138,1136,1126,1120,1111,1113,1117.0,1118.0,1108,1119,1131,1139,1151,1149,1147,1150,1148,1140,1144,1140,1145,1147,1153,1164,1171,1175,1171,1175,1179,1169,1165,1164
394711,"Jackson, MS",1053.0,1013.0,1021.0,1055.0,1097.0,1105,1124,1177,1149,1132.0,1119,1104.0,1109,1113,1119,1131,1138,1141,1141,1155,1152,1142,1143,1142,1151,1180,1175,1154,1165,1164,1166,1174,1169,1165,1157,1160,1163,1159,1153,1165,1169,1173,1168,1178,1175,1166,1164,1177,1178,1179,1184,1183,1183,1182,1181,1171,1176,1180,1181,1174,1185.0,1193.0,1189,1189,1194,1199,1208,1206,1190,1186,1197,1198,1212,1214,1226,1237,1226,1228,1223,1233,1231,1243,1229,1244,1245,1240
395245,"Youngstown, OH",550.0,588.0,582.0,599.0,606.0,589,583,595,601,618.0,618,608.0,609,606,621,613,614,594,601,611,606,617,620,617,612,615,616,601,616,620,624,628,629,630,627,625,636,634,638,638,639,640,642,650,645,642,640,634,635,640,648,644,646,651,660,663,662,662,679,670,667.0,667.0,671,676,684,675,676,677,668,670,677,677,678,682,692,691,694,695,703,707,715,708,720,720,725,741
394352,"Augusta, GA",,881.0,896.0,887.0,889.0,891,889,884,885,892.0,887,891.0,889,890,895,897,917,916,911,911,912,915,917,910,903,916,920,927,932,936,933,930,933,936,929,930,934,930,938,941,962,964,960,961,960,965,962,963,961,961,971,977,975,981,974,975,978,982,980,986,987.0,989.0,998,1014,1019,1020,1029,1032,1035,1030,1034,1035,1034,1031,1036,1037,1053,1067,1077,1086,1095,1097,1104,1112,1114,1114
395075,"Scranton, PA",641.0,659.0,,,,675,690,704,698,707.0,707,699.0,701,696,698,702,705,714,709,719,716,714,721,724,728,724,732,740,739,718,733,738,752,759,747,758,748,795,783,783,762,765,764,764,771,789,786,790,785,765,783,790,789,792,786,790,803,815,806,776,,,852,830,826,835,846,843,842,850,845,899,875,884,873,855,884,877,881,881,885,910,891,925,945,933
394666,"Harrisburg, PA",967.0,957.0,959.0,958.0,967.0,971,972,967,944,971.0,944,938.0,958,971,989,1000,996,991,994,990,992,992,995,996,998,1007,1005,1018,1029,1028,1037,1024,1019,1013,1025,1008,1017,1023,1016,1031,1035,1034,1035,1039,1030,1037,1029,1028,1028,1036,1048,1049,1058,1063,1059,1064,1073,1078,1081,1081,1090.0,1089.0,1097,1099,1096,1102,1106,1109,1110,1115,1108,1104,1117,1122,1126,1122,1122,1124,1131,1142,1149,1139,1157,1155,1154,1179
394957,"Melbourne, FL",981.0,989.0,983.0,987.0,997.0,1001,1016,1011,1019,1023.0,1028,1039.0,1044,1056,1061,1063,1071,1084,1093,1110,1107,1113,1112,1121,1129,1136,1140,1149,1156,1176,1179,1184,1193,1197,1208,1218,1225,1227,1235,1232,1240,1251,1262,1269,1275,1281,1287,1299,1302,1310,1324,1328,1339,1352,1353,1362,1365,1367,1380,1381,1385.0,1389.0,1392,1397,1402,1405,1403,1410,1411,1414,1419,1425,1433,1471,1475,1457,1460,1460,1477,1478,1490,1498,1512,1521,1532,1545
394460,"Chattanooga, TN",828.0,,,951.0,953.0,992,1009,1012,1012,1027.0,1032,1002.0,1002,1029,1049,1070,1067,1067,1069,1068,1045,1045,1055,1051,1051,1077,1087,1125,1130,1129,1116,1105,1114,1151,1099,1115,1114,1096,1096,1092,1106,1118,1130,1130,1134,1129,1121,1119,1131,1137,1153,1165,1168,1172,1184,1187,1174,1185,1195,1197,1192.0,1192.0,1194,1205,1210,1225,1217,1226,1215,1216,1224,1223,1223,1229,1238,1244,1249,1260,1277,1272,1296,1302,1296,1262,1283,1297
395113,"Spokane, WA",837.0,878.0,864.0,837.0,863.0,877,900,857,841,864.0,844,846.0,868,876,877,916,913,919,910,913,912,908,914,919,923,926,948,943,947,955,954,958,966,963,960,962,976,963,979,954,980,1008,1017,1015,1021,1028,1027,1029,1028,1029,1041,1054,1062,1073,1067,1086,1085,1089,1091,1088,1091.0,1091.0,1109,1119,1124,1138,1150,1166,1150,1159,1136,1120,1143,1163,1187,1181,1187,1189,1210,1199,1229,1251,1246,1245,1263,1286
395006,"Provo, UT",976.0,1023.0,1007.0,1024.0,1025.0,1055,1062,1049,1056,1057.0,1051,1068.0,1074,1070,1087,1104,1097,1110,1099,1087,1099,1116,1131,1125,1133,1123,1129,1137,1154,1179,1178,1182,1181,1177,1178,1165,1181,1195,1204,1200,1224,1226,1234,1237,1236,1224,1224,1227,1231,1237,1248,1272,1286,1285,1287,1293,1285,1281,1290,1286,1300.0,1298.0,1300,1301,1322,1334,1339,1343,1336,1329,1322,1326,1328,1324,1330,1349,1348,1363,1373,1378,1356,1365,1378,1387,1419,1445
394549,"Durham, NC",1132.0,1118.0,1121.0,1127.0,1153.0,1159,1165,1145,1143,1135.0,1128,1122.0,1134,1114,1154,1158,1175,1183,1206,1190,1179,1187,1182,1182,1200,1215,1221,1234,1233,1242,1243,1235,1243,1268,1249,1260,1249,1244,1254,1268,1274,1270,1275,1287,1269,1273,1280,1267,1266,1269,1287,1298,1308,1318,1312,1315,1312,1316,1326,1324,1333.0,1339.0,1354,1363,1374,1378,1385,1387,1390,1385,1386,1389,1402,1372,1387,1384,1386,1391,1398,1385,1384,1394,1416,1409,1446,1453
394995,"Port St. Lucie, FL",1240.0,1279.0,1259.0,1265.0,1306.0,1282,1299,1303,1336,1337.0,1347,1361.0,1384,1380,1383,1394,1374,1367,1369,1378,1385,1408,1397,1433,1449,1461,1468,1491,1495,1494,1490,1492,1499,1487,1499,1504,1525,1536,1530,1543,1558,1567,1578,1587,1531,1560,1584,1595,1607,1623,1636,1632,1660,1644,1668,1664,1655,1669,1671,1698,1691.0,1714.0,1718,1704,1687,1699,1704,1733,1669,1700,1737,1756,1786,1803,1810,1767,1824,1806,1780,1805,1820,1881,1873,1894,1907,1938
394602,"Fort Collins, CO",1172.0,1182.0,1194.0,1232.0,1275.0,1291,1307,1300,1340,1354.0,1336,1357.0,1336,1368,1387,1399,1440,1419,1428,1435,1434,1428,1422,1440,1437,1442,1460,1474,1496,1511,1508,1493,1472,1460,1457,1464,1467,1489,1495,1514,1524,1514,1513,1518,1507,1503,1510,1508,1492,1502,1541,1555,1570,1578,1578,1569,1559,1563,1554,1558,1565.0,1581.0,1600,1606,1619,1626,1625,1619,1603,1606,1604,1620,1619,1607,1630,1634,1636,1659,1655,1657,1634,1627,1639,1668,1653,1671
394405,"Boulder, CO",1512.0,1420.0,1473.0,1498.0,1550.0,1566,1602,1612,1628,1623.0,1629,1600.0,1638,1663,1683,1694,1710,1724,1725,1743,1768,1763,1769,1778,1792,1804,1813,1814,1811,1813,1824,1820,1817,1797,1811,1809,1798,1838,1835,1851,1858,1857,1858,1857,1860,1858,1874,1889,1886,1886,1891,1887,1915,1940,1945,1938,1942,1943,1937,1926,1939.0,1950.0,1954,1980,1995,1994,1998,1991,1983,2000,2017,2006,2013,2018,2020,2001,2009,2005,2011,2009,2021,2020,2032,2048,2069,2094
394645,"Greeley, CO",1202.0,1146.0,1165.0,1122.0,1134.0,1174,1225,1230,1246,1242.0,1254,,1283,1286,1303,1314,1321,1332,1337,1341,1353,1352,1361,1365,1354,1359,1364,1385,1390,1407,1412,1396,1404,1396,1393,1393,1397,1405,1408,1435,1449,1450,1452,1463,1473,1472,1457,1470,1467,1474,1508,1514,1533,1526,1533,1523,1541,1527,1518,1522,1537.0,1575.0,1589,1582,1576,1582,1583,1585,1595,1581,1560,1574,1580,1615,1627,1609,1611,1609,1609,1612,1635,1645,1633,1614,1634,1677
394623,"Gainesville, GA",925.0,927.0,936.0,958.0,963.0,970,964,961,939,946.0,948,967.0,1001,998,996,990,905,917,978,1000,1033,1024,1044,1054,1035,1035,1052,1064,1076,1087,1101,1099,1103,1108,1125,1120,1113,1116,1106,1121,1143,1154,1174,1160,1153,1154,1147,1152,1170,1173,1173,1180,1188,1170,1182,1201,1192,1220,1240,1240,1258.0,1265.0,1251,1298,1284,1271,1282,1278,1301,1306,1306,1307,1321,1328,1321,1319,1310,1316,1262,1303,1343,1376,1391,1397,1397,1410
